<?xml version = '1.0' encoding = 'UTF-8'?>
<relationalModel class="oracle.dbtools.crest.model.design.relational.RelationalDesign" name="Relational_1" id="F2348C32-A1A5-3DC9-6337-D4E351EA567F" mainViewID="C293E921-4C11-974A-2C92-2242F902AFB6">
<createdBy>jeang</createdBy>
<createdTime>2025-10-05 16:30:08 UTC</createdTime>
<ownerDesignName>Model_digital </ownerDesignName>
<shouldBeOpen>false</shouldBeOpen>
<selectedRDBMSSite>01F6E6D1-21D0-CFBD-ABDD-3988D1813575</selectedRDBMSSite>
<importDDLFileStamps>
<importDDLFileStamp class="oracle.dbtools.crest.imports.DDLFileStamp">
<fileName>data.sql</fileName>
<pathName>C:\Users\jeang\Downloads</pathName>
<dbType>17</dbType>
</importDDLFileStamp>
</importDDLFileStamps>
</relationalModel>