<?xml version = '1.0' encoding = 'UTF-8'?>
<FKIndexAssociation class="oracle.dbtools.crest.model.design.relational.FKIndexAssociation" directorySegmentName="seg_0" id="0621C4C0-FDAB-A96B-4E15-89DD6D92660C" containerWithKeyObject="B4A596EA-121D-41F2-8C9D-BD754A1C6199" localFKIndex="F8765CE4-A666-09CD-82DA-5E1B8A70BAFD" name="fk_promo">
<sourceDDLFile>data.sql</sourceDDLFile>
<createdBy>jeang</createdBy>
<createdTime>2025-10-05 16:36:50 UTC</createdTime>
<ownerDesignName>Model_digital </ownerDesignName>
<referredTableLongName>promociones</referredTableLongName>
<deleteRule>CASCADE</deleteRule>
<referredTableID>BA819335-2203-DA29-6612-C69041D8F5C7</referredTableID>
<keyObject>DB548DFA-9A21-E24B-53B4-E048AA98DA2E</keyObject>
<referredKeyID>DB548DFA-9A21-E24B-53B4-E048AA98DA2E</referredKeyID>
<mandatory>true</mandatory>
<refColNames>promo_id</refColNames>
<transferable>true</transferable>
<rely>false</rely>
<columnDependencyConstraintGenerateInDDL>true</columnDependencyConstraintGenerateInDDL>
</FKIndexAssociation>