<?xml version = '1.0' encoding = 'UTF-8'?>
<FKIndexAssociation class="oracle.dbtools.crest.model.design.relational.FKIndexAssociation" directorySegmentName="seg_0" id="0B5C5CA6-2843-78E5-CDB1-2D7453972C17" containerWithKeyObject="56FBAB09-C4D9-6637-9841-4ED66ED415B1" localFKIndex="9A3F62A1-8EF5-1F1E-2DFF-D09A010E2D7A" name="fk_detalle_pedido">
<sourceDDLFile>data.sql</sourceDDLFile>
<createdBy>jeang</createdBy>
<createdTime>2025-10-05 16:36:50 UTC</createdTime>
<ownerDesignName>Model_digital </ownerDesignName>
<referredTableLongName>pedidos</referredTableLongName>
<deleteRule>CASCADE</deleteRule>
<referredTableID>854AA7DE-86F3-318D-58D6-59C08397FE99</referredTableID>
<keyObject>1E81C66D-07C2-EE6E-E741-17C836B0AE1A</keyObject>
<referredKeyID>1E81C66D-07C2-EE6E-E741-17C836B0AE1A</referredKeyID>
<mandatory>true</mandatory>
<refColNames>pedido_id</refColNames>
<transferable>true</transferable>
<rely>false</rely>
<columnDependencyConstraintGenerateInDDL>true</columnDependencyConstraintGenerateInDDL>
</FKIndexAssociation>