<?xml version = '1.0' encoding = 'UTF-8'?>
<FKIndexAssociation class="oracle.dbtools.crest.model.design.relational.FKIndexAssociation" directorySegmentName="seg_0" id="18CA8871-3E89-97B3-61A1-BE95AE687401" containerWithKeyObject="854AA7DE-86F3-318D-58D6-59C08397FE99" localFKIndex="99D6DE86-4DC5-ED82-A203-A027F949299F" name="fk_pedido_cliente">
<sourceDDLFile>data.sql</sourceDDLFile>
<createdBy>jeang</createdBy>
<createdTime>2025-10-05 16:36:50 UTC</createdTime>
<ownerDesignName>Model_digital </ownerDesignName>
<referredTableLongName>clientes</referredTableLongName>
<deleteRule>SET NULL</deleteRule>
<referredTableID>C00191FD-8991-2828-708C-F398150D2667</referredTableID>
<keyObject>31B72AC1-080E-F37C-E63A-1627C6B61D4C</keyObject>
<referredKeyID>31B72AC1-080E-F37C-E63A-1627C6B61D4C</referredKeyID>
<mandatory>false</mandatory>
<refColNames>cliente_id</refColNames>
<transferable>true</transferable>
<rely>false</rely>
<columnDependencyConstraintGenerateInDDL>true</columnDependencyConstraintGenerateInDDL>
</FKIndexAssociation>