<?xml version = '1.0' encoding = 'UTF-8'?>
<FKIndexAssociation class="oracle.dbtools.crest.model.design.relational.FKIndexAssociation" directorySegmentName="seg_0" id="1AA071E2-65E6-132C-A7F4-BBAC089227A5" containerWithKeyObject="EDC2F9F4-1F80-22A0-A8DA-184ADD73F27C" localFKIndex="61C21166-D5D4-AF3D-1F18-8B857814AB56" name="fk_envio_pedido">
<sourceDDLFile>data.sql</sourceDDLFile>
<createdBy>jeang</createdBy>
<createdTime>2025-10-05 16:36:50 UTC</createdTime>
<ownerDesignName>Model_digital </ownerDesignName>
<referredTableLongName>pedidos</referredTableLongName>
<deleteRule>CASCADE</deleteRule>
<referredTableID>854AA7DE-86F3-318D-58D6-59C08397FE99</referredTableID>
<keyObject>1E81C66D-07C2-EE6E-E741-17C836B0AE1A</keyObject>
<referredKeyID>1E81C66D-07C2-EE6E-E741-17C836B0AE1A</referredKeyID>
<mandatory>true</mandatory>
<refColNames>pedido_id</refColNames>
<transferable>true</transferable>
<rely>false</rely>
<columnDependencyConstraintGenerateInDDL>true</columnDependencyConstraintGenerateInDDL>
</FKIndexAssociation>