<?xml version = '1.0' encoding = 'UTF-8'?>
<FKIndexAssociation class="oracle.dbtools.crest.model.design.relational.FKIndexAssociation" directorySegmentName="seg_0" id="1AC6B676-F973-E5B6-241F-5C64C6DEB646" containerWithKeyObject="0543CB4B-7E11-DDC3-906A-90C683606583" localFKIndex="6536A28F-51C0-1CBC-3A07-D1BF140EFC70" name="imagenes_producto_productos_FK">
<sourceDDLFile>data.sql</sourceDDLFile>
<createdBy>jeang</createdBy>
<createdTime>2025-10-05 16:36:50 UTC</createdTime>
<ownerDesignName>Model_digital </ownerDesignName>
<referredTableLongName>productos</referredTableLongName>
<deleteRule>NO ACTION</deleteRule>
<referredTableID>F0815E7D-FB03-7F26-2486-7BEB8242D92F</referredTableID>
<keyObject>AE22398A-8169-F56B-525B-B14951D7ECA5</keyObject>
<referredKeyID>AE22398A-8169-F56B-525B-B14951D7ECA5</referredKeyID>
<mandatory>true</mandatory>
<refColNames>producto_id</refColNames>
<transferable>true</transferable>
<rely>false</rely>
<columnDependencyConstraintGenerateInDDL>true</columnDependencyConstraintGenerateInDDL>
</FKIndexAssociation>