<?xml version = '1.0' encoding = 'UTF-8'?>
<FKIndexAssociation class="oracle.dbtools.crest.model.design.relational.FKIndexAssociation" directorySegmentName="seg_0" id="2BEEB149-23A5-1BC5-F3E9-371680129A9F" containerWithKeyObject="F0815E7D-FB03-7F26-2486-7BEB8242D92F" localFKIndex="DBBF8A26-E718-B751-FA3F-C16AAF94078D" name="fk_producto_categoria">
<sourceDDLFile>data.sql</sourceDDLFile>
<createdBy>jeang</createdBy>
<createdTime>2025-10-05 16:36:50 UTC</createdTime>
<ownerDesignName>Model_digital </ownerDesignName>
<referredTableLongName>categorias</referredTableLongName>
<deleteRule>NO ACTION</deleteRule>
<referredTableID>E2DCC93D-85FF-66A1-FA15-EEBF2D664008</referredTableID>
<keyObject>8AABA9BD-F230-CF4C-257B-62863769D6EC</keyObject>
<referredKeyID>8AABA9BD-F230-CF4C-257B-62863769D6EC</referredKeyID>
<mandatory>true</mandatory>
<refColNames>categoria_id</refColNames>
<transferable>true</transferable>
<rely>false</rely>
<columnDependencyConstraintGenerateInDDL>true</columnDependencyConstraintGenerateInDDL>
</FKIndexAssociation>