<?xml version = '1.0' encoding = 'UTF-8'?>
<FKIndexAssociation class="oracle.dbtools.crest.model.design.relational.FKIndexAssociation" directorySegmentName="seg_0" id="3C5CF75D-FAF3-821A-8BC6-DF29C6D9F1ED" containerWithKeyObject="D2329C2B-6BEA-A220-57B8-A5DB1ABC5228" localFKIndex="11865079-CFF2-A07A-3331-29F388F8C078" name="fk_admin_rol">
<sourceDDLFile>data.sql</sourceDDLFile>
<createdBy>jeang</createdBy>
<createdTime>2025-10-05 16:36:50 UTC</createdTime>
<ownerDesignName>Model_digital </ownerDesignName>
<referredTableLongName>roles</referredTableLongName>
<deleteRule>NO ACTION</deleteRule>
<referredTableID>F3CA1840-AC11-CC86-61E9-FD4BC1C78908</referredTableID>
<keyObject>450B9080-C720-EF68-2F58-50CE84A3A498</keyObject>
<referredKeyID>450B9080-C720-EF68-2F58-50CE84A3A498</referredKeyID>
<mandatory>true</mandatory>
<refColNames>rol_id</refColNames>
<transferable>true</transferable>
<rely>false</rely>
<columnDependencyConstraintGenerateInDDL>true</columnDependencyConstraintGenerateInDDL>
</FKIndexAssociation>