<?xml version = '1.0' encoding = 'UTF-8'?>
<FKIndexAssociation class="oracle.dbtools.crest.model.design.relational.FKIndexAssociation" directorySegmentName="seg_0" id="5F203152-D2FE-04C3-B1D3-FBF74BBD2341" containerWithKeyObject="EDC2F9F4-1F80-22A0-A8DA-184ADD73F27C" localFKIndex="2C32D668-37B6-2300-3403-B620456F5044" name="fk_envio_estado">
<sourceDDLFile>data.sql</sourceDDLFile>
<createdBy>jeang</createdBy>
<createdTime>2025-10-05 16:36:50 UTC</createdTime>
<ownerDesignName>Model_digital </ownerDesignName>
<referredTableLongName>estado_envio</referredTableLongName>
<deleteRule>NO ACTION</deleteRule>
<referredTableID>92687A46-D508-305C-7162-1EEDD24C93E8</referredTableID>
<keyObject>81A62ED1-CFE7-0456-BB39-D9D6BF57D107</keyObject>
<referredKeyID>81A62ED1-CFE7-0456-BB39-D9D6BF57D107</referredKeyID>
<mandatory>true</mandatory>
<refColNames>estado_envio_id</refColNames>
<transferable>true</transferable>
<rely>false</rely>
<columnDependencyConstraintGenerateInDDL>true</columnDependencyConstraintGenerateInDDL>
</FKIndexAssociation>