<?xml version = '1.0' encoding = 'UTF-8'?>
<FKIndexAssociation class="oracle.dbtools.crest.model.design.relational.FKIndexAssociation" directorySegmentName="seg_0" id="9EB0CF36-2C83-AF1C-7F30-2191F66C1E80" containerWithKeyObject="56FBAB09-C4D9-6637-9841-4ED66ED415B1" localFKIndex="009D34B2-0FE0-9CE9-DF20-9267DBDC1661" name="fk_detalle_producto">
<sourceDDLFile>data.sql</sourceDDLFile>
<createdBy>jeang</createdBy>
<createdTime>2025-10-05 16:36:50 UTC</createdTime>
<ownerDesignName>Model_digital </ownerDesignName>
<referredTableLongName>productos</referredTableLongName>
<deleteRule>NO ACTION</deleteRule>
<referredTableID>F0815E7D-FB03-7F26-2486-7BEB8242D92F</referredTableID>
<keyObject>AE22398A-8169-F56B-525B-B14951D7ECA5</keyObject>
<referredKeyID>AE22398A-8169-F56B-525B-B14951D7ECA5</referredKeyID>
<mandatory>true</mandatory>
<refColNames>producto_id</refColNames>
<transferable>true</transferable>
<rely>false</rely>
<columnDependencyConstraintGenerateInDDL>true</columnDependencyConstraintGenerateInDDL>
</FKIndexAssociation>