<?xml version = '1.0' encoding = 'UTF-8'?>
<FKIndexAssociation class="oracle.dbtools.crest.model.design.relational.FKIndexAssociation" directorySegmentName="seg_0" id="B0B467B0-29E4-DA61-ECB3-CFC590759C77" containerWithKeyObject="B4A596EA-121D-41F2-8C9D-BD754A1C6199" localFKIndex="F12510EC-EE66-AA00-F24F-27F0EC5131E8" name="fk_promo_producto">
<sourceDDLFile>data.sql</sourceDDLFile>
<createdBy>jeang</createdBy>
<createdTime>2025-10-05 16:36:50 UTC</createdTime>
<ownerDesignName>Model_digital </ownerDesignName>
<referredTableLongName>productos</referredTableLongName>
<deleteRule>NO ACTION</deleteRule>
<referredTableID>F0815E7D-FB03-7F26-2486-7BEB8242D92F</referredTableID>
<keyObject>AE22398A-8169-F56B-525B-B14951D7ECA5</keyObject>
<referredKeyID>AE22398A-8169-F56B-525B-B14951D7ECA5</referredKeyID>
<mandatory>true</mandatory>
<refColNames>producto_id</refColNames>
<transferable>true</transferable>
<rely>false</rely>
<columnDependencyConstraintGenerateInDDL>true</columnDependencyConstraintGenerateInDDL>
</FKIndexAssociation>