<?xml version = '1.0' encoding = 'UTF-8'?>
<FKIndexAssociation class="oracle.dbtools.crest.model.design.relational.FKIndexAssociation" directorySegmentName="seg_0" id="DEFC0EE6-FC79-4962-8AB0-ED9C43C6F523" containerWithKeyObject="55930758-4E2B-84CC-03F0-7D77C04C6647" localFKIndex="EB79A3B5-A26E-E15F-3383-24D4C68534C8" name="fk_contacto_cliente">
<sourceDDLFile>data.sql</sourceDDLFile>
<createdBy>jeang</createdBy>
<createdTime>2025-10-05 16:36:50 UTC</createdTime>
<ownerDesignName>Model_digital </ownerDesignName>
<referredTableLongName>clientes</referredTableLongName>
<deleteRule>SET NULL</deleteRule>
<referredTableID>C00191FD-8991-2828-708C-F398150D2667</referredTableID>
<keyObject>31B72AC1-080E-F37C-E63A-1627C6B61D4C</keyObject>
<referredKeyID>31B72AC1-080E-F37C-E63A-1627C6B61D4C</referredKeyID>
<mandatory>false</mandatory>
<refColNames>cliente_id</refColNames>
<transferable>true</transferable>
<rely>false</rely>
<columnDependencyConstraintGenerateInDDL>true</columnDependencyConstraintGenerateInDDL>
</FKIndexAssociation>