<?xml version = '1.0' encoding = 'UTF-8'?>
<FKIndexAssociation class="oracle.dbtools.crest.model.design.relational.FKIndexAssociation" directorySegmentName="seg_0" id="EEEABACA-32B9-90AE-DFAE-7BCE3145332C" containerWithKeyObject="854AA7DE-86F3-318D-58D6-59C08397FE99" localFKIndex="2FD689A1-A764-9BC8-45C2-A4E3E7AEE26E" name="fk_pedido_metodo">
<sourceDDLFile>data.sql</sourceDDLFile>
<createdBy>jeang</createdBy>
<createdTime>2025-10-05 16:36:50 UTC</createdTime>
<ownerDesignName>Model_digital </ownerDesignName>
<referredTableLongName>metodo_pago</referredTableLongName>
<deleteRule>NO ACTION</deleteRule>
<referredTableID>DC88839B-05C5-C35B-A96C-03B7FE425024</referredTableID>
<keyObject>B8BC4B69-8B50-2DA8-72A7-27297767A3FB</keyObject>
<referredKeyID>B8BC4B69-8B50-2DA8-72A7-27297767A3FB</referredKeyID>
<mandatory>true</mandatory>
<refColNames>metodo_id</refColNames>
<transferable>true</transferable>
<rely>false</rely>
<columnDependencyConstraintGenerateInDDL>true</columnDependencyConstraintGenerateInDDL>
</FKIndexAssociation>