<?xml version = '1.0' encoding = 'UTF-8'?>
<FKIndexAssociation class="oracle.dbtools.crest.model.design.relational.FKIndexAssociation" directorySegmentName="seg_0" id="FA09D1F9-9557-5950-E354-65D15D8304E0" containerWithKeyObject="854AA7DE-86F3-318D-58D6-59C08397FE99" localFKIndex="61622569-CCD4-24E1-8A68-397CC0882CCE" name="fk_pedido_estado">
<sourceDDLFile>data.sql</sourceDDLFile>
<createdBy>jeang</createdBy>
<createdTime>2025-10-05 16:36:50 UTC</createdTime>
<ownerDesignName>Model_digital </ownerDesignName>
<referredTableLongName>estado_pedido</referredTableLongName>
<deleteRule>NO ACTION</deleteRule>
<referredTableID>C2E17605-3443-7748-D777-EB2BD58A155D</referredTableID>
<keyObject>13A26AA8-7F0B-1C39-481D-8335B03D4149</keyObject>
<referredKeyID>13A26AA8-7F0B-1C39-481D-8335B03D4149</referredKeyID>
<mandatory>true</mandatory>
<refColNames>estado_id</refColNames>
<transferable>true</transferable>
<rely>false</rely>
<columnDependencyConstraintGenerateInDDL>true</columnDependencyConstraintGenerateInDDL>
</FKIndexAssociation>