<?xml version = '1.0' encoding = 'UTF-8'?>
<Table class="oracle.dbtools.crest.model.design.relational.Table" directorySegmentName="seg_0" id="2E6C5C95-A810-BCD6-38AB-5376567CE82F" name="envios">
<sourceDDLFile>data.sql</sourceDDLFile>
<createdBy>jeang</createdBy>
<createdTime>2025-11-30 15:35:34 UTC</createdTime>
<ownerDesignName>db-v6</ownerDesignName>
<importedID>71651F78-AA28-0677-43B5-8968E6B04AA8</importedID>
<allowColumnReorder>false</allowColumnReorder>
<existDependencyGenerateInDDl>true</existDependencyGenerateInDDl>
<parsed>true</parsed>
<columns itemClass="oracle.dbtools.crest.model.design.relational.Column">
<Column name="envio_id" id="2ABAF354-DA1D-FF9D-B7F6-96DD3207A187">
<sourceDDLFile>data.sql</sourceDDLFile>
<createdBy>jeang</createdBy>
<createdTime>2025-11-30 15:35:34 UTC</createdTime>
<ownerDesignName>db-v6</ownerDesignName>
<importedID>E9EF48F2-5A6A-6D39-F72E-DE714C76D4AD</importedID>
<use>0</use>
<logicalDatatype>LOGDT019</logicalDatatype>
<domain>2AE144F7-9CC8-ACD9-F652-3989F203E312</domain>
<ownDataTypeParameters>,,</ownDataTypeParameters>
<autoIncrementColumn>true</autoIncrementColumn>
<identityColumn>true</identityColumn>
<autoIncrementCycle>false</autoIncrementCycle>
<autoIncrementOrder>false</autoIncrementOrder>
</Column>
<Column name="pedido_id" id="36807F5F-FC73-3CD7-6A18-4F6339F29F44">
<sourceDDLFile>data.sql</sourceDDLFile>
<createdBy>jeang</createdBy>
<createdTime>2025-11-30 15:35:34 UTC</createdTime>
<ownerDesignName>db-v6</ownerDesignName>
<importedID>506E96B1-5CCF-5DE1-18B3-DFC3CD3CAEAC</importedID>
<use>0</use>
<logicalDatatype>LOGDT019</logicalDatatype>
<domain>2AE144F7-9CC8-ACD9-F652-3989F203E312</domain>
<ownDataTypeParameters>,,</ownDataTypeParameters>
<autoIncrementCycle>false</autoIncrementCycle>
<associations>
<colAssociation fkAssociation="36881535-555F-26BA-FF8D-2E3C39BBA1BA" referredColumn="96314411-027F-C4F5-D006-2EABCE868ABA"/>
</associations>
</Column>
<Column name="direccion" id="1A047112-EF18-AA6D-EF8F-FDDBFD784A83">
<sourceDDLFile>data.sql</sourceDDLFile>
<createdBy>jeang</createdBy>
<createdTime>2025-11-30 15:35:34 UTC</createdTime>
<ownerDesignName>db-v6</ownerDesignName>
<importedID>3BAE3362-D5C1-48EB-D70E-7AB7DA36F8F8</importedID>
<use>0</use>
<logicalDatatype>LOGDT024</logicalDatatype>
<domain>66D5B215-170B-1856-820E-26030F13D1DF</domain>
<ownDataTypeParameters>,,</ownDataTypeParameters>
<autoIncrementCycle>false</autoIncrementCycle>
</Column>
<Column name="ciudad" id="342665C5-50A9-8130-E6D8-B40BA2ED3E39">
<sourceDDLFile>data.sql</sourceDDLFile>
<createdBy>jeang</createdBy>
<createdTime>2025-11-30 15:35:34 UTC</createdTime>
<ownerDesignName>db-v6</ownerDesignName>
<importedID>41018AAF-03ED-225B-C0C2-5F2A75BF2186</importedID>
<use>0</use>
<logicalDatatype>LOGDT024</logicalDatatype>
<domain>8D62C876-2C32-57E3-919F-29E16F365865</domain>
<ownDataTypeParameters>,,</ownDataTypeParameters>
<autoIncrementCycle>false</autoIncrementCycle>
</Column>
<Column name="comuna" id="92B7A71B-7B3A-FD9F-16DE-2FEF560E9F49">
<sourceDDLFile>data.sql</sourceDDLFile>
<createdBy>jeang</createdBy>
<createdTime>2025-11-30 15:35:34 UTC</createdTime>
<ownerDesignName>db-v6</ownerDesignName>
<importedID>E409DFDB-8C39-49DD-FC19-6E514C06F8C1</importedID>
<use>0</use>
<logicalDatatype>LOGDT024</logicalDatatype>
<domain>8D62C876-2C32-57E3-919F-29E16F365865</domain>
<ownDataTypeParameters>,,</ownDataTypeParameters>
<autoIncrementCycle>false</autoIncrementCycle>
</Column>
<Column name="codigo_postal" id="D488FA93-0494-01B0-5116-2912F8CF275B">
<sourceDDLFile>data.sql</sourceDDLFile>
<createdBy>jeang</createdBy>
<createdTime>2025-11-30 15:35:34 UTC</createdTime>
<ownerDesignName>db-v6</ownerDesignName>
<importedID>E5CF902C-AC59-3ED4-124D-BF4839C03CF6</importedID>
<nullsAllowed>true</nullsAllowed>
<use>0</use>
<logicalDatatype>LOGDT024</logicalDatatype>
<domain>6AD72E5D-BF12-4491-DCAE-4C6AE446C829</domain>
<ownDataTypeParameters>,,</ownDataTypeParameters>
<autoIncrementCycle>false</autoIncrementCycle>
</Column>
<Column name="codigo_seguimiento" id="322E2C90-C0EC-2392-740E-F2034B81890E">
<sourceDDLFile>data.sql</sourceDDLFile>
<createdBy>jeang</createdBy>
<createdTime>2025-11-30 15:35:34 UTC</createdTime>
<ownerDesignName>db-v6</ownerDesignName>
<importedID>A2BD73F3-C039-79E8-3FAC-3247867F45BA</importedID>
<nullsAllowed>true</nullsAllowed>
<use>0</use>
<logicalDatatype>LOGDT024</logicalDatatype>
<domain>29623BE6-0065-AC04-4448-7508B94451B3</domain>
<ownDataTypeParameters>,,</ownDataTypeParameters>
<autoIncrementCycle>false</autoIncrementCycle>
</Column>
<Column name="estado_envio_id" id="6EF3CF79-8ED1-B118-549D-D53AB7BC8821">
<sourceDDLFile>data.sql</sourceDDLFile>
<createdBy>jeang</createdBy>
<createdTime>2025-11-30 15:35:34 UTC</createdTime>
<ownerDesignName>db-v6</ownerDesignName>
<importedID>017FFF56-D90E-2690-57AE-327AF8EF423F</importedID>
<use>0</use>
<logicalDatatype>LOGDT019</logicalDatatype>
<domain>2AE144F7-9CC8-ACD9-F652-3989F203E312</domain>
<ownDataTypeParameters>,,</ownDataTypeParameters>
<autoIncrementCycle>false</autoIncrementCycle>
<associations>
<colAssociation fkAssociation="9BCF0EBF-9315-E60C-3F57-ACFBFB9D3EF2" referredColumn="80440A23-DFEC-008C-D2AA-D77CC407C420"/>
</associations>
</Column>
<Column name="costo_envio" id="493677E2-0BF3-A871-6747-5D5E0FBB0C5B">
<sourceDDLFile>data.sql</sourceDDLFile>
<createdBy>jeang</createdBy>
<createdTime>2025-11-30 15:35:34 UTC</createdTime>
<ownerDesignName>db-v6</ownerDesignName>
<importedID>81440459-2FC8-9874-FAD1-BAE2F8BCEEC2</importedID>
<nullsAllowed>true</nullsAllowed>
<use>0</use>
<logicalDatatype>LOGDT019</logicalDatatype>
<domain>B9EE4B78-DEA9-A8AF-EB4D-BCACEC087607</domain>
<defaultValue>0</defaultValue>
<ownDataTypeParameters>,,</ownDataTypeParameters>
<autoIncrementCycle>false</autoIncrementCycle>
</Column>
<Column name="fecha_envio" id="231D54DE-BD66-F66A-06D6-6E1B0FF2CA19">
<sourceDDLFile>data.sql</sourceDDLFile>
<createdBy>jeang</createdBy>
<createdTime>2025-11-30 15:35:34 UTC</createdTime>
<ownerDesignName>db-v6</ownerDesignName>
<importedID>95181C7F-5B35-846C-4E19-BF48F692160D</importedID>
<nullsAllowed>true</nullsAllowed>
<use>0</use>
<logicalDatatype>LOGDT015</logicalDatatype>
<domain>CFCACF27-94AE-C9C5-C3C9-87BAFC5C4CA5</domain>
<ownDataTypeParameters>,,</ownDataTypeParameters>
<autoIncrementCycle>false</autoIncrementCycle>
</Column>
<Column name="fecha_entrega" id="791B7920-FD45-69CB-C09D-F66CCF041068">
<sourceDDLFile>data.sql</sourceDDLFile>
<createdBy>jeang</createdBy>
<createdTime>2025-11-30 15:35:34 UTC</createdTime>
<ownerDesignName>db-v6</ownerDesignName>
<importedID>8B80E141-17D1-BA6F-5CDE-74FE37C95BA9</importedID>
<nullsAllowed>true</nullsAllowed>
<use>0</use>
<logicalDatatype>LOGDT007</logicalDatatype>
<domain>4E482EE6-AA75-5100-FA87-C21D1ED86616</domain>
<ownDataTypeParameters>,,</ownDataTypeParameters>
<autoIncrementCycle>false</autoIncrementCycle>
</Column>
</columns>
<indexes itemClass="oracle.dbtools.crest.model.design.relational.Index">
<ind_PK_UK id="2C6A44F4-0DE5-EDAF-94A8-0BC6026F3BFD" name="envios_PK">
<sourceDDLFile>data.sql</sourceDDLFile>
<createdBy>jeang</createdBy>
<createdTime>2025-11-30 15:35:34 UTC</createdTime>
<ownerDesignName>db-v6</ownerDesignName>
<importedID>FD27DEB1-1C20-C915-5B58-FC27EE99DE49</importedID>
<pk>true</pk>
<indexState>Primary Constraint</indexState>
<isSurrogateKey>false</isSurrogateKey>
<indexColumnUsage>
<colUsage columnID="2ABAF354-DA1D-FF9D-B7F6-96DD3207A187"/>
</indexColumnUsage>
</ind_PK_UK>
<ind_PK_UK id="8882F011-3EAA-9F54-7FAC-E3C210137B00" name="INDEX_1v3">
<sourceDDLFile>data.sql</sourceDDLFile>
<createdBy>jeang</createdBy>
<createdTime>2025-11-30 15:35:34 UTC</createdTime>
<ownerDesignName>db-v6</ownerDesignName>
<importedID>02F85259-F660-7404-CBC3-30868CBD2739</importedID>
<indexState>Unique Constraint</indexState>
<isSurrogateKey>false</isSurrogateKey>
<indexColumnUsage>
<colUsage columnID="36807F5F-FC73-3CD7-6A18-4F6339F29F44"/>
</indexColumnUsage>
</ind_PK_UK>
<ind_PK_UK id="5E83ADD5-BF63-C9F6-CC41-E8EBA9BD825D" name="INDEX_2">
<sourceDDLFile>data.sql</sourceDDLFile>
<createdBy>jeang</createdBy>
<createdTime>2025-11-30 15:35:34 UTC</createdTime>
<ownerDesignName>db-v6</ownerDesignName>
<importedID>AA6364DA-D149-7AA1-69B7-EBC96B17C62D</importedID>
<indexState>Unique Constraint</indexState>
<isSurrogateKey>false</isSurrogateKey>
<indexColumnUsage>
<colUsage columnID="322E2C90-C0EC-2392-740E-F2034B81890E"/>
</indexColumnUsage>
</ind_PK_UK>
<ind_PK_UK id="DED1156E-01F7-7925-45C7-18DEE9B4B341" name="fk_envio_estado">
<createdBy>jeang</createdBy>
<createdTime>2025-11-30 15:35:34 UTC</createdTime>
<ownerDesignName>db-v6</ownerDesignName>
<indexState>Foreign Key</indexState>
<isSurrogateKey>false</isSurrogateKey>
<indexColumnUsage>
<colUsage columnID="6EF3CF79-8ED1-B118-549D-D53AB7BC8821"/>
</indexColumnUsage>
</ind_PK_UK>
<ind_PK_UK id="533B20C9-0025-6FFC-7DB3-D88B6C649D78" name="fk_envio_pedido">
<createdBy>jeang</createdBy>
<createdTime>2025-11-30 15:35:34 UTC</createdTime>
<ownerDesignName>db-v6</ownerDesignName>
<indexState>Foreign Key</indexState>
<isSurrogateKey>false</isSurrogateKey>
<indexColumnUsage>
<colUsage columnID="36807F5F-FC73-3CD7-6A18-4F6339F29F44"/>
</indexColumnUsage>
</ind_PK_UK>
</indexes>
</Table>