<?xml version = '1.0' encoding = 'UTF-8'?>
<Table class="oracle.dbtools.crest.model.design.relational.Table" directorySegmentName="seg_0" id="30543ABF-1F3B-2E67-11C5-3772104D01C6" name="roles">
<sourceDDLFile>data.sql</sourceDDLFile>
<createdBy>jeang</createdBy>
<createdTime>2025-11-30 15:35:34 UTC</createdTime>
<ownerDesignName>db-v6</ownerDesignName>
<importedID>5FCB59F8-9F4F-6E9E-73C0-9188F425EE87</importedID>
<allowColumnReorder>false</allowColumnReorder>
<existDependencyGenerateInDDl>true</existDependencyGenerateInDDl>
<parsed>true</parsed>
<columns itemClass="oracle.dbtools.crest.model.design.relational.Column">
<Column name="rol_id" id="71E34FA5-24AD-71F9-58EA-030AE1FDB0B6">
<sourceDDLFile>data.sql</sourceDDLFile>
<createdBy>jeang</createdBy>
<createdTime>2025-11-30 15:35:34 UTC</createdTime>
<ownerDesignName>db-v6</ownerDesignName>
<importedID>B625C4B0-0437-0930-FDD9-6EA7BCE0CB39</importedID>
<use>0</use>
<logicalDatatype>LOGDT019</logicalDatatype>
<domain>2AE144F7-9CC8-ACD9-F652-3989F203E312</domain>
<ownDataTypeParameters>,,</ownDataTypeParameters>
<autoIncrementColumn>true</autoIncrementColumn>
<identityColumn>true</identityColumn>
<autoIncrementCycle>false</autoIncrementCycle>
<autoIncrementOrder>false</autoIncrementOrder>
</Column>
<Column name="nombre" id="CECB43CE-260D-8D6B-079F-BA420A98F72E">
<sourceDDLFile>data.sql</sourceDDLFile>
<createdBy>jeang</createdBy>
<createdTime>2025-11-30 15:35:34 UTC</createdTime>
<ownerDesignName>db-v6</ownerDesignName>
<importedID>6C248E9C-E8D6-0D6E-7AA2-FF4D0528B995</importedID>
<use>0</use>
<logicalDatatype>LOGDT024</logicalDatatype>
<domain>6AD72E5D-BF12-4491-DCAE-4C6AE446C829</domain>
<ownDataTypeParameters>,,</ownDataTypeParameters>
<autoIncrementCycle>false</autoIncrementCycle>
</Column>
</columns>
<indexes itemClass="oracle.dbtools.crest.model.design.relational.Index">
<ind_PK_UK id="FEA83879-CB61-5FEC-B835-3670A9E17F85" name="roles_PK">
<sourceDDLFile>data.sql</sourceDDLFile>
<createdBy>jeang</createdBy>
<createdTime>2025-11-30 15:35:34 UTC</createdTime>
<ownerDesignName>db-v6</ownerDesignName>
<importedID>7FDD2A29-B57B-F854-9AEF-87073A25A97B</importedID>
<pk>true</pk>
<indexState>Primary Constraint</indexState>
<isSurrogateKey>false</isSurrogateKey>
<indexColumnUsage>
<colUsage columnID="71E34FA5-24AD-71F9-58EA-030AE1FDB0B6"/>
</indexColumnUsage>
</ind_PK_UK>
<ind_PK_UK id="5B4ADE10-AC0B-9098-43EF-9AE2B60C3BE2" name="INDEX_1v8">
<sourceDDLFile>data.sql</sourceDDLFile>
<createdBy>jeang</createdBy>
<createdTime>2025-11-30 15:35:34 UTC</createdTime>
<ownerDesignName>db-v6</ownerDesignName>
<importedID>C89F74C2-FA3A-F3D2-D012-0A78E640DDBE</importedID>
<indexState>Unique Constraint</indexState>
<isSurrogateKey>false</isSurrogateKey>
<indexColumnUsage>
<colUsage columnID="CECB43CE-260D-8D6B-079F-BA420A98F72E"/>
</indexColumnUsage>
</ind_PK_UK>
</indexes>
</Table>