<?xml version = '1.0' encoding = 'UTF-8'?>
<Table class="oracle.dbtools.crest.model.design.relational.Table" directorySegmentName="seg_0" id="347C6551-D394-2EB2-C5E5-2F8E43B9D0AF" name="imagenes_producto">
<sourceDDLFile>data.sql</sourceDDLFile>
<createdBy>jeang</createdBy>
<createdTime>2025-11-30 15:35:34 UTC</createdTime>
<ownerDesignName>db-v6</ownerDesignName>
<importedID>ECA9842C-8681-53B1-767B-D62333726C16</importedID>
<allowColumnReorder>false</allowColumnReorder>
<existDependencyGenerateInDDl>true</existDependencyGenerateInDDl>
<parsed>true</parsed>
<columns itemClass="oracle.dbtools.crest.model.design.relational.Column">
<Column name="imagen_id" id="87A87ECD-6807-5E57-C8CE-20D17BD0684B">
<sourceDDLFile>data.sql</sourceDDLFile>
<createdBy>jeang</createdBy>
<createdTime>2025-11-30 15:35:34 UTC</createdTime>
<ownerDesignName>db-v6</ownerDesignName>
<importedID>7D41FF80-2612-2D69-AD95-47E4E8CD44C0</importedID>
<use>0</use>
<logicalDatatype>LOGDT019</logicalDatatype>
<domain>2AE144F7-9CC8-ACD9-F652-3989F203E312</domain>
<ownDataTypeParameters>,,</ownDataTypeParameters>
<autoIncrementColumn>true</autoIncrementColumn>
<identityColumn>true</identityColumn>
<autoIncrementCycle>false</autoIncrementCycle>
<autoIncrementOrder>false</autoIncrementOrder>
</Column>
<Column name="producto_id" id="64BFC150-25F4-B46E-6BF1-0F59BFF72444">
<sourceDDLFile>data.sql</sourceDDLFile>
<createdBy>jeang</createdBy>
<createdTime>2025-11-30 15:35:34 UTC</createdTime>
<ownerDesignName>db-v6</ownerDesignName>
<importedID>FCC69AF3-C5E5-5357-038A-1C04A42F446B</importedID>
<use>0</use>
<logicalDatatype>LOGDT019</logicalDatatype>
<domain>2AE144F7-9CC8-ACD9-F652-3989F203E312</domain>
<ownDataTypeParameters>,,</ownDataTypeParameters>
<autoIncrementCycle>false</autoIncrementCycle>
<associations>
<colAssociation fkAssociation="1303C5A3-5A89-670C-6B73-6512449F8FFD" referredColumn="BC1C9954-4B71-EA5E-63FB-F5AE9B6D6974"/>
</associations>
</Column>
<Column name="url_imagen" id="30787AC1-9245-05E9-6CA9-2AE5B8233CD4">
<sourceDDLFile>data.sql</sourceDDLFile>
<createdBy>jeang</createdBy>
<createdTime>2025-11-30 15:35:34 UTC</createdTime>
<ownerDesignName>db-v6</ownerDesignName>
<importedID>EA651003-9182-86E0-6061-61D746C9EBC5</importedID>
<use>0</use>
<logicalDatatype>LOGDT024</logicalDatatype>
<domain>1DB4955E-49E9-4E9A-9D49-3C8803678CBC</domain>
<ownDataTypeParameters>,,</ownDataTypeParameters>
<autoIncrementCycle>false</autoIncrementCycle>
</Column>
</columns>
<indexes itemClass="oracle.dbtools.crest.model.design.relational.Index">
<ind_PK_UK id="406ABDE8-1984-77E9-F85D-6E5E14911A01" name="imagenes_producto_PK">
<sourceDDLFile>data.sql</sourceDDLFile>
<createdBy>jeang</createdBy>
<createdTime>2025-11-30 15:35:34 UTC</createdTime>
<ownerDesignName>db-v6</ownerDesignName>
<importedID>8705EB4D-F2E1-B6A6-E7A2-6D14880823AB</importedID>
<pk>true</pk>
<indexState>Primary Constraint</indexState>
<isSurrogateKey>false</isSurrogateKey>
<indexColumnUsage>
<colUsage columnID="87A87ECD-6807-5E57-C8CE-20D17BD0684B"/>
</indexColumnUsage>
</ind_PK_UK>
<ind_PK_UK id="4EFA8C32-096D-43FC-480D-CE23F2FC2146" name="imagenes_producto_productos_FK">
<createdBy>jeang</createdBy>
<createdTime>2025-11-30 15:35:34 UTC</createdTime>
<ownerDesignName>db-v6</ownerDesignName>
<indexState>Foreign Key</indexState>
<isSurrogateKey>false</isSurrogateKey>
<indexColumnUsage>
<colUsage columnID="64BFC150-25F4-B46E-6BF1-0F59BFF72444"/>
</indexColumnUsage>
</ind_PK_UK>
</indexes>
</Table>