<?xml version = '1.0' encoding = 'UTF-8'?>
<Table class="oracle.dbtools.crest.model.design.relational.Table" directorySegmentName="seg_0" id="4101D1BA-06DC-FCD0-9EDA-C41112117182" name="metodo_pago">
<sourceDDLFile>data.sql</sourceDDLFile>
<createdBy>jeang</createdBy>
<createdTime>2025-11-30 15:35:34 UTC</createdTime>
<ownerDesignName>db-v6</ownerDesignName>
<importedID>C04B7050-327F-AFAB-869A-1A884D8A21BF</importedID>
<allowColumnReorder>false</allowColumnReorder>
<existDependencyGenerateInDDl>true</existDependencyGenerateInDDl>
<parsed>true</parsed>
<columns itemClass="oracle.dbtools.crest.model.design.relational.Column">
<Column name="metodo_id" id="041147FF-739F-2726-6CF6-E59871675BF4">
<sourceDDLFile>data.sql</sourceDDLFile>
<createdBy>jeang</createdBy>
<createdTime>2025-11-30 15:35:34 UTC</createdTime>
<ownerDesignName>db-v6</ownerDesignName>
<importedID>4B459E2F-3D9F-E358-9339-A3F9B859C8C2</importedID>
<use>0</use>
<logicalDatatype>LOGDT019</logicalDatatype>
<domain>2AE144F7-9CC8-ACD9-F652-3989F203E312</domain>
<ownDataTypeParameters>,,</ownDataTypeParameters>
<autoIncrementColumn>true</autoIncrementColumn>
<identityColumn>true</identityColumn>
<autoIncrementCycle>false</autoIncrementCycle>
<autoIncrementOrder>false</autoIncrementOrder>
</Column>
<Column name="nombre" id="B45E9282-9C4D-7B1D-5D9E-24A1E0F27D3A">
<sourceDDLFile>data.sql</sourceDDLFile>
<createdBy>jeang</createdBy>
<createdTime>2025-11-30 15:35:34 UTC</createdTime>
<ownerDesignName>db-v6</ownerDesignName>
<importedID>10EEAD6F-A3C9-E23B-9B76-12834A3DF859</importedID>
<use>0</use>
<logicalDatatype>LOGDT024</logicalDatatype>
<domain>6AD72E5D-BF12-4491-DCAE-4C6AE446C829</domain>
<ownDataTypeParameters>,,</ownDataTypeParameters>
<autoIncrementCycle>false</autoIncrementCycle>
</Column>
</columns>
<indexes itemClass="oracle.dbtools.crest.model.design.relational.Index">
<ind_PK_UK id="28D46A6C-A5D9-BF0E-111B-ADF23B84124A" name="metodo_pago_PK">
<sourceDDLFile>data.sql</sourceDDLFile>
<createdBy>jeang</createdBy>
<createdTime>2025-11-30 15:35:34 UTC</createdTime>
<ownerDesignName>db-v6</ownerDesignName>
<importedID>EBE15FCB-3F1E-71A5-0886-A6ACE65A5B3A</importedID>
<pk>true</pk>
<indexState>Primary Constraint</indexState>
<isSurrogateKey>false</isSurrogateKey>
<indexColumnUsage>
<colUsage columnID="041147FF-739F-2726-6CF6-E59871675BF4"/>
</indexColumnUsage>
</ind_PK_UK>
<ind_PK_UK id="712471AA-5F6E-5D7B-8BFB-A0AEC8A0733B" name="INDEX_1v7">
<sourceDDLFile>data.sql</sourceDDLFile>
<createdBy>jeang</createdBy>
<createdTime>2025-11-30 15:35:34 UTC</createdTime>
<ownerDesignName>db-v6</ownerDesignName>
<importedID>BEE26DB9-D575-2BC9-45A5-3F36BA47BF2F</importedID>
<indexState>Unique Constraint</indexState>
<isSurrogateKey>false</isSurrogateKey>
<indexColumnUsage>
<colUsage columnID="B45E9282-9C4D-7B1D-5D9E-24A1E0F27D3A"/>
</indexColumnUsage>
</ind_PK_UK>
</indexes>
</Table>