<?xml version = '1.0' encoding = 'UTF-8'?>
<Table class="oracle.dbtools.crest.model.design.relational.Table" directorySegmentName="seg_0" id="4F8669AC-4E1A-F2B2-0599-1CC2BA26AEE9" name="estado_pago">
<sourceDDLFile>data.sql</sourceDDLFile>
<createdBy>jeang</createdBy>
<createdTime>2025-11-30 15:35:34 UTC</createdTime>
<ownerDesignName>db-v6</ownerDesignName>
<importedID>9A2BFCBE-CB0E-1A46-E32F-24FE256836E1</importedID>
<allowColumnReorder>false</allowColumnReorder>
<existDependencyGenerateInDDl>true</existDependencyGenerateInDDl>
<parsed>true</parsed>
<columns itemClass="oracle.dbtools.crest.model.design.relational.Column">
<Column name="estado_pago_id" id="1DDEAE01-21DB-A79E-5B75-DD23483EAC91">
<sourceDDLFile>data.sql</sourceDDLFile>
<createdBy>jeang</createdBy>
<createdTime>2025-11-30 15:35:34 UTC</createdTime>
<ownerDesignName>db-v6</ownerDesignName>
<importedID>F87C4E9A-EEB5-C974-C59E-1044B823B30E</importedID>
<use>0</use>
<logicalDatatype>LOGDT019</logicalDatatype>
<domain>2AE144F7-9CC8-ACD9-F652-3989F203E312</domain>
<ownDataTypeParameters>,,</ownDataTypeParameters>
<autoIncrementColumn>true</autoIncrementColumn>
<identityColumn>true</identityColumn>
<autoIncrementCycle>false</autoIncrementCycle>
<autoIncrementOrder>false</autoIncrementOrder>
</Column>
<Column name="nombre" id="304E2CCC-E48A-97CD-04D5-1A1687F636D1">
<sourceDDLFile>data.sql</sourceDDLFile>
<createdBy>jeang</createdBy>
<createdTime>2025-11-30 15:35:34 UTC</createdTime>
<ownerDesignName>db-v6</ownerDesignName>
<importedID>7581A4FE-23B6-74DF-19C6-DB1090203000</importedID>
<use>0</use>
<logicalDatatype>LOGDT024</logicalDatatype>
<domain>29623BE6-0065-AC04-4448-7508B94451B3</domain>
<ownDataTypeParameters>,,</ownDataTypeParameters>
<autoIncrementCycle>false</autoIncrementCycle>
</Column>
</columns>
<indexes itemClass="oracle.dbtools.crest.model.design.relational.Index">
<ind_PK_UK id="089F771A-16A0-D2BA-290F-CFF8150373A2" name="estado_pago_PK">
<sourceDDLFile>data.sql</sourceDDLFile>
<createdBy>jeang</createdBy>
<createdTime>2025-11-30 15:35:34 UTC</createdTime>
<ownerDesignName>db-v6</ownerDesignName>
<importedID>B5F48FBF-D98B-CB5A-B774-4492919EE735</importedID>
<pk>true</pk>
<indexState>Primary Constraint</indexState>
<isSurrogateKey>false</isSurrogateKey>
<indexColumnUsage>
<colUsage columnID="1DDEAE01-21DB-A79E-5B75-DD23483EAC91"/>
</indexColumnUsage>
</ind_PK_UK>
<ind_PK_UK id="F14ED690-9053-D19D-67B7-B0776B5A79B7" name="INDEX_1v5">
<sourceDDLFile>data.sql</sourceDDLFile>
<createdBy>jeang</createdBy>
<createdTime>2025-11-30 15:35:34 UTC</createdTime>
<ownerDesignName>db-v6</ownerDesignName>
<importedID>9D1652BF-E81F-66C3-1AF8-C9260A2CA1A4</importedID>
<indexState>Unique Constraint</indexState>
<isSurrogateKey>false</isSurrogateKey>
<indexColumnUsage>
<colUsage columnID="304E2CCC-E48A-97CD-04D5-1A1687F636D1"/>
</indexColumnUsage>
</ind_PK_UK>
</indexes>
</Table>