<?xml version = '1.0' encoding = 'UTF-8'?>
<Table class="oracle.dbtools.crest.model.design.relational.Table" directorySegmentName="seg_0" id="B2CC52BE-9312-9302-5414-15337869D2D1" name="estado_envio">
<sourceDDLFile>data.sql</sourceDDLFile>
<createdBy>jeang</createdBy>
<createdTime>2025-11-30 15:35:34 UTC</createdTime>
<ownerDesignName>db-v6</ownerDesignName>
<importedID>BEE2C55B-3571-D850-F07E-B464F424AFA1</importedID>
<allowColumnReorder>false</allowColumnReorder>
<existDependencyGenerateInDDl>true</existDependencyGenerateInDDl>
<parsed>true</parsed>
<columns itemClass="oracle.dbtools.crest.model.design.relational.Column">
<Column name="estado_envio_id" id="80440A23-DFEC-008C-D2AA-D77CC407C420">
<sourceDDLFile>data.sql</sourceDDLFile>
<createdBy>jeang</createdBy>
<createdTime>2025-11-30 15:35:34 UTC</createdTime>
<ownerDesignName>db-v6</ownerDesignName>
<importedID>782C011A-F13E-4C3A-B6D0-51E3C6629306</importedID>
<use>0</use>
<logicalDatatype>LOGDT019</logicalDatatype>
<domain>2AE144F7-9CC8-ACD9-F652-3989F203E312</domain>
<ownDataTypeParameters>,,</ownDataTypeParameters>
<autoIncrementColumn>true</autoIncrementColumn>
<identityColumn>true</identityColumn>
<autoIncrementCycle>false</autoIncrementCycle>
<autoIncrementOrder>false</autoIncrementOrder>
</Column>
<Column name="nombre" id="327D5C6E-C03F-A7A5-3733-6E1BCF6749CE">
<sourceDDLFile>data.sql</sourceDDLFile>
<createdBy>jeang</createdBy>
<createdTime>2025-11-30 15:35:34 UTC</createdTime>
<ownerDesignName>db-v6</ownerDesignName>
<importedID>32DC1EFF-26B7-0FF5-C33B-D12ECA139B03</importedID>
<use>0</use>
<logicalDatatype>LOGDT024</logicalDatatype>
<domain>2D19E71D-A9B2-08EE-E759-E22BBCF48972</domain>
<ownDataTypeParameters>,,</ownDataTypeParameters>
<autoIncrementCycle>false</autoIncrementCycle>
</Column>
</columns>
<indexes itemClass="oracle.dbtools.crest.model.design.relational.Index">
<ind_PK_UK id="285FBA12-1E4D-FD10-00D1-C90B70EEBBA8" name="estado_envio_PK">
<sourceDDLFile>data.sql</sourceDDLFile>
<createdBy>jeang</createdBy>
<createdTime>2025-11-30 15:35:34 UTC</createdTime>
<ownerDesignName>db-v6</ownerDesignName>
<importedID>6808EDD5-7159-E21E-78D2-AE2EDCCCCEF0</importedID>
<pk>true</pk>
<indexState>Primary Constraint</indexState>
<isSurrogateKey>false</isSurrogateKey>
<indexColumnUsage>
<colUsage columnID="80440A23-DFEC-008C-D2AA-D77CC407C420"/>
</indexColumnUsage>
</ind_PK_UK>
<ind_PK_UK id="353A8337-9724-E98A-B7DF-3D623C0AFDA1" name="INDEX_1v4">
<sourceDDLFile>data.sql</sourceDDLFile>
<createdBy>jeang</createdBy>
<createdTime>2025-11-30 15:35:34 UTC</createdTime>
<ownerDesignName>db-v6</ownerDesignName>
<importedID>8F3A2D55-D593-1ACB-E25F-3E2259B76601</importedID>
<indexState>Unique Constraint</indexState>
<isSurrogateKey>false</isSurrogateKey>
<indexColumnUsage>
<colUsage columnID="327D5C6E-C03F-A7A5-3733-6E1BCF6749CE"/>
</indexColumnUsage>
</ind_PK_UK>
</indexes>
</Table>