<?xml version = '1.0' encoding = 'UTF-8'?>
<Table class="oracle.dbtools.crest.model.design.relational.Table" directorySegmentName="seg_0" id="B4636B66-E989-8BBF-C5DB-4765948AC072" name="administradores">
<sourceDDLFile>data.sql</sourceDDLFile>
<createdBy>jeang</createdBy>
<createdTime>2025-11-30 15:35:34 UTC</createdTime>
<ownerDesignName>db-v6</ownerDesignName>
<importedID>59BC93DD-C0A1-DA99-BC32-F96D4A0103C6</importedID>
<allowColumnReorder>false</allowColumnReorder>
<existDependencyGenerateInDDl>true</existDependencyGenerateInDDl>
<parsed>true</parsed>
<columns itemClass="oracle.dbtools.crest.model.design.relational.Column">
<Column name="admin_id" id="550B1C43-CD7D-70E1-D591-FC32802699E4">
<sourceDDLFile>data.sql</sourceDDLFile>
<createdBy>jeang</createdBy>
<createdTime>2025-11-30 15:35:34 UTC</createdTime>
<ownerDesignName>db-v6</ownerDesignName>
<importedID>4C729216-DD08-C08D-B2B8-2F53A531C802</importedID>
<use>0</use>
<logicalDatatype>LOGDT019</logicalDatatype>
<domain>2AE144F7-9CC8-ACD9-F652-3989F203E312</domain>
<ownDataTypeParameters>,,</ownDataTypeParameters>
<autoIncrementColumn>true</autoIncrementColumn>
<identityColumn>true</identityColumn>
<autoIncrementCycle>false</autoIncrementCycle>
<autoIncrementOrder>false</autoIncrementOrder>
</Column>
<Column name="usuario" id="06D6BCEC-3B22-5E44-3F57-741B4E42726C">
<sourceDDLFile>data.sql</sourceDDLFile>
<createdBy>jeang</createdBy>
<createdTime>2025-11-30 15:35:34 UTC</createdTime>
<ownerDesignName>db-v6</ownerDesignName>
<importedID>7BAED55E-5A72-2AB8-3134-32B6CDAFBABE</importedID>
<use>0</use>
<logicalDatatype>LOGDT024</logicalDatatype>
<domain>29623BE6-0065-AC04-4448-7508B94451B3</domain>
<ownDataTypeParameters>,,</ownDataTypeParameters>
<autoIncrementCycle>false</autoIncrementCycle>
</Column>
<Column name="password_hash" id="017A52B7-4A0F-7046-5C62-3CEB0A2458EE">
<sourceDDLFile>data.sql</sourceDDLFile>
<createdBy>jeang</createdBy>
<createdTime>2025-11-30 15:35:34 UTC</createdTime>
<ownerDesignName>db-v6</ownerDesignName>
<importedID>4E397EF5-D3BF-8D00-469E-EEA78695DE09</importedID>
<use>0</use>
<logicalDatatype>LOGDT024</logicalDatatype>
<domain>1DB4955E-49E9-4E9A-9D49-3C8803678CBC</domain>
<ownDataTypeParameters>,,</ownDataTypeParameters>
<autoIncrementCycle>false</autoIncrementCycle>
</Column>
<Column name="rol_id" id="028FAC87-3A7E-5B99-9242-B4C9EE9C5A89">
<sourceDDLFile>data.sql</sourceDDLFile>
<createdBy>jeang</createdBy>
<createdTime>2025-11-30 15:35:34 UTC</createdTime>
<ownerDesignName>db-v6</ownerDesignName>
<importedID>B5B3D02A-B892-E214-6022-37870CBCC338</importedID>
<use>0</use>
<logicalDatatype>LOGDT019</logicalDatatype>
<domain>2AE144F7-9CC8-ACD9-F652-3989F203E312</domain>
<ownDataTypeParameters>,,</ownDataTypeParameters>
<autoIncrementCycle>false</autoIncrementCycle>
<associations>
<colAssociation fkAssociation="56452EF5-8B75-4D0A-8D25-3DEDCE8DFA68" referredColumn="71E34FA5-24AD-71F9-58EA-030AE1FDB0B6"/>
</associations>
</Column>
</columns>
<indexes itemClass="oracle.dbtools.crest.model.design.relational.Index">
<ind_PK_UK id="F4F578DA-F4D1-6ED5-F7C2-FBF5754492F8" name="administradores_PK">
<sourceDDLFile>data.sql</sourceDDLFile>
<createdBy>jeang</createdBy>
<createdTime>2025-11-30 15:35:34 UTC</createdTime>
<ownerDesignName>db-v6</ownerDesignName>
<importedID>7E6FBCC8-5759-71F5-FA31-95DC5C104408</importedID>
<pk>true</pk>
<indexState>Primary Constraint</indexState>
<isSurrogateKey>false</isSurrogateKey>
<indexColumnUsage>
<colUsage columnID="550B1C43-CD7D-70E1-D591-FC32802699E4"/>
</indexColumnUsage>
</ind_PK_UK>
<ind_PK_UK id="84B74D95-71CB-CAF2-692F-D6CC1C2F2094" name="INDEX_1">
<sourceDDLFile>data.sql</sourceDDLFile>
<createdBy>jeang</createdBy>
<createdTime>2025-11-30 15:35:34 UTC</createdTime>
<ownerDesignName>db-v6</ownerDesignName>
<importedID>B083734E-ED05-AB16-D53B-2FA4309D7BB8</importedID>
<indexState>Unique Constraint</indexState>
<isSurrogateKey>false</isSurrogateKey>
<indexColumnUsage>
<colUsage columnID="06D6BCEC-3B22-5E44-3F57-741B4E42726C"/>
</indexColumnUsage>
</ind_PK_UK>
<ind_PK_UK id="7C3F1CDD-EF86-477E-D6F9-96A0E38D7522" name="fk_admin_rol">
<createdBy>jeang</createdBy>
<createdTime>2025-11-30 15:35:34 UTC</createdTime>
<ownerDesignName>db-v6</ownerDesignName>
<indexState>Foreign Key</indexState>
<isSurrogateKey>false</isSurrogateKey>
<indexColumnUsage>
<colUsage columnID="028FAC87-3A7E-5B99-9242-B4C9EE9C5A89"/>
</indexColumnUsage>
</ind_PK_UK>
</indexes>
</Table>