<?xml version = '1.0' encoding = 'UTF-8'?>
<relationalModel class="oracle.dbtools.crest.model.design.relational.RelationalDesign" name="Relational_1" id="6362B30A-DA14-0842-C720-98520D50E91C" mainViewID="0ED33F36-0AE2-2667-1931-8328B4FEE6EF">
<createdBy>jeang</createdBy>
<createdTime>2025-11-30 15:30:17 UTC</createdTime>
<ownerDesignName>db-v6</ownerDesignName>
<shouldBeOpen>false</shouldBeOpen>
<selectedRDBMSSite>01F6E6D1-21D0-CFBD-ABDD-3988D1813575</selectedRDBMSSite>
<importDDLFileStamps>
<importDDLFileStamp class="oracle.dbtools.crest.imports.DDLFileStamp">
<fileName>data.sql</fileName>
<pathName>C:\Users\jeang\Downloads</pathName>
<dbType>17</dbType>
</importDDLFileStamp>
</importDDLFileStamps>
</relationalModel>