<?xml version = '1.0' encoding = 'UTF-8'?>
<TableProxyOraclev20c class="oracle.dbtools.crest.model.design.storage.oracle.v20c.TableProxyOraclev20c" name="contactos" directorySegmentName="seg_0" id="3D7E5997-4597-357D-CE0C-533CE4992B5F">
<createdBy>jeang</createdBy>
<createdTime>2025-11-30 15:35:34 UTC</createdTime>
<ownerDesignName>db-v6</ownerDesignName>
<logging>YES</logging>
<partitionedRowMovement>DISABLE</partitionedRowMovement>
<temporaryChanged>false</temporaryChanged>
<accessDriverType>oracle_loader</accessDriverType>
<rejectLimit></rejectLimit>
<columnProxies itemClass="oracle.dbtools.crest.model.design.storage.oracle.v12c.ColumnProxyOraclev12c">
<ColumnProxy name="cliente_id" id="07194113-D9AD-A78B-FF73-9C3567DBC7EF">
<createdBy>jeang</createdBy>
<createdTime>2025-11-30 15:35:34 UTC</createdTime>
<ownerDesignName>db-v6</ownerDesignName>
</ColumnProxy>
<ColumnProxy name="contacto_id" id="3522B8E4-E9C7-B8ED-A31C-D5C3480501CE">
<createdBy>jeang</createdBy>
<createdTime>2025-11-30 15:35:34 UTC</createdTime>
<ownerDesignName>db-v6</ownerDesignName>
<autoIncrementDDL>IDENTITY_CLAUSE</autoIncrementDDL>
</ColumnProxy>
<ColumnProxy name="fecha" id="65733B9B-B038-77F1-960E-26A63F8E64A8">
<createdBy>jeang</createdBy>
<createdTime>2025-11-30 15:35:34 UTC</createdTime>
<ownerDesignName>db-v6</ownerDesignName>
<defaultValue>CURRENT_TIMESTAMP</defaultValue>
</ColumnProxy>
<ColumnProxy name="email" id="7528E465-DBB2-3B58-A1CA-8CB747F5F844">
<createdBy>jeang</createdBy>
<createdTime>2025-11-30 15:35:34 UTC</createdTime>
<ownerDesignName>db-v6</ownerDesignName>
</ColumnProxy>
<ColumnProxy name="nombre" id="81776CE8-40EE-489A-759D-4ECADBBD0315">
<createdBy>jeang</createdBy>
<createdTime>2025-11-30 15:35:34 UTC</createdTime>
<ownerDesignName>db-v6</ownerDesignName>
</ColumnProxy>
<ColumnProxy name="respondido" id="C5C8013F-6B5A-325B-4645-DEFC24F41C2D">
<createdBy>jeang</createdBy>
<createdTime>2025-11-30 15:35:34 UTC</createdTime>
<ownerDesignName>db-v6</ownerDesignName>
<defaultValue>&apos;N&apos;</defaultValue>
</ColumnProxy>
<ColumnProxy name="mensaje" id="ED3EE833-3B8D-2439-4DF3-ED15E268FF1C">
<createdBy>jeang</createdBy>
<createdTime>2025-11-30 15:35:34 UTC</createdTime>
<ownerDesignName>db-v6</ownerDesignName>
</ColumnProxy>
</columnProxies>
<foreignKeys>
<ForeignKey class="oracle.dbtools.crest.model.design.storage.oracle.v10g.FKProxyOraclev10g" name="fk_contacto_cliente" id="B6B90813-EA09-C788-C663-278E15A8D729">
<createdBy>jeang</createdBy>
<createdTime>2025-11-30 15:35:34 UTC</createdTime>
<ownerDesignName>db-v6</ownerDesignName>
</ForeignKey>
</foreignKeys>
<primaryKeys>
<PrimaryKey class="oracle.dbtools.crest.model.design.storage.oracle.v10g.PKProxyOraclev10g" name="contactos_PK" id="E8133E37-B29A-60DF-0701-6EB630790FAF">
<createdBy>jeang</createdBy>
<createdTime>2025-11-30 15:35:34 UTC</createdTime>
<ownerDesignName>db-v6</ownerDesignName>
<indexSort>SORTED</indexSort>
</PrimaryKey>
</primaryKeys>
</TableProxyOraclev20c>