<?xml version = '1.0' encoding = 'UTF-8'?>
<TableProxyOraclev20c class="oracle.dbtools.crest.model.design.storage.oracle.v20c.TableProxyOraclev20c" name="pedidos" directorySegmentName="seg_0" id="43462E0F-FEB6-728F-16A1-FCCA0F841DFB">
<createdBy>jeang</createdBy>
<createdTime>2025-11-30 15:35:34 UTC</createdTime>
<ownerDesignName>db-v6</ownerDesignName>
<logging>YES</logging>
<partitionedRowMovement>DISABLE</partitionedRowMovement>
<temporaryChanged>false</temporaryChanged>
<accessDriverType>oracle_loader</accessDriverType>
<rejectLimit></rejectLimit>
<columnProxies itemClass="oracle.dbtools.crest.model.design.storage.oracle.v12c.ColumnProxyOraclev12c">
<ColumnProxy name="direccion" id="07D995EF-EEEE-E715-EF1B-23FFDC05FFBB">
<createdBy>jeang</createdBy>
<createdTime>2025-11-30 15:35:34 UTC</createdTime>
<ownerDesignName>db-v6</ownerDesignName>
</ColumnProxy>
<ColumnProxy name="ticket_url" id="0CB59843-4458-C419-18D4-127C3CADC10F">
<createdBy>jeang</createdBy>
<createdTime>2025-11-30 15:35:34 UTC</createdTime>
<ownerDesignName>db-v6</ownerDesignName>
</ColumnProxy>
<ColumnProxy name="cliente_id" id="176D8C7C-9442-2580-DC01-7205C26F6A4B">
<createdBy>jeang</createdBy>
<createdTime>2025-11-30 15:35:34 UTC</createdTime>
<ownerDesignName>db-v6</ownerDesignName>
</ColumnProxy>
<ColumnProxy name="nombre" id="26F65A0F-1216-3A5F-EC0A-18362ACF0217">
<createdBy>jeang</createdBy>
<createdTime>2025-11-30 15:35:34 UTC</createdTime>
<ownerDesignName>db-v6</ownerDesignName>
</ColumnProxy>
<ColumnProxy name="payment_id" id="270A5D19-0439-7AED-7C82-BFCAA9D47276">
<createdBy>jeang</createdBy>
<createdTime>2025-11-30 15:35:34 UTC</createdTime>
<ownerDesignName>db-v6</ownerDesignName>
</ColumnProxy>
<ColumnProxy name="comuna" id="60EE73AD-A2A0-B939-69E8-B32B70D24033">
<createdBy>jeang</createdBy>
<createdTime>2025-11-30 15:35:34 UTC</createdTime>
<ownerDesignName>db-v6</ownerDesignName>
</ColumnProxy>
<ColumnProxy name="costo_envio_max" id="76BCE8C5-DF07-D860-EBD5-8FFC318EF408">
<createdBy>jeang</createdBy>
<createdTime>2025-11-30 15:35:34 UTC</createdTime>
<ownerDesignName>db-v6</ownerDesignName>
<defaultValue>0</defaultValue>
</ColumnProxy>
<ColumnProxy name="fecha" id="7CA679D2-A1F3-B472-2E07-3F746300515D">
<createdBy>jeang</createdBy>
<createdTime>2025-11-30 15:35:34 UTC</createdTime>
<ownerDesignName>db-v6</ownerDesignName>
<defaultValue>CURRENT_TIMESTAMP</defaultValue>
</ColumnProxy>
<ColumnProxy name="pedido_id" id="96314411-027F-C4F5-D006-2EABCE868ABA">
<createdBy>jeang</createdBy>
<createdTime>2025-11-30 15:35:34 UTC</createdTime>
<ownerDesignName>db-v6</ownerDesignName>
<autoIncrementDDL>IDENTITY_CLAUSE</autoIncrementDDL>
</ColumnProxy>
<ColumnProxy name="metodo_id" id="988F455F-591E-EA9F-34C9-E7BF1D2324B7">
<createdBy>jeang</createdBy>
<createdTime>2025-11-30 15:35:34 UTC</createdTime>
<ownerDesignName>db-v6</ownerDesignName>
</ColumnProxy>
<ColumnProxy name="email" id="A2E0640F-32B8-147D-DDB3-B7538C78899F">
<createdBy>jeang</createdBy>
<createdTime>2025-11-30 15:35:34 UTC</createdTime>
<ownerDesignName>db-v6</ownerDesignName>
</ColumnProxy>
<ColumnProxy name="blue_code" id="A540E1F2-4E86-15C4-5D8D-AB7BFDA12840">
<createdBy>jeang</createdBy>
<createdTime>2025-11-30 15:35:34 UTC</createdTime>
<ownerDesignName>db-v6</ownerDesignName>
</ColumnProxy>
<ColumnProxy name="costo_envio_min" id="B68F73DE-AF13-4D02-A50F-4AEF563332DE">
<createdBy>jeang</createdBy>
<createdTime>2025-11-30 15:35:34 UTC</createdTime>
<ownerDesignName>db-v6</ownerDesignName>
<defaultValue>0</defaultValue>
</ColumnProxy>
<ColumnProxy name="estado_pago_id" id="BCB6BBAB-7403-1979-71BE-8EA91298E6AC">
<createdBy>jeang</createdBy>
<createdTime>2025-11-30 15:35:34 UTC</createdTime>
<ownerDesignName>db-v6</ownerDesignName>
</ColumnProxy>
<ColumnProxy name="tipo_entrega" id="C344E8AC-EB64-1460-0FFD-6F6C8C5FC2F6">
<createdBy>jeang</createdBy>
<createdTime>2025-11-30 15:35:34 UTC</createdTime>
<ownerDesignName>db-v6</ownerDesignName>
<defaultValue>&apos;delivery&apos;</defaultValue>
</ColumnProxy>
<ColumnProxy name="total" id="DA45CDED-BEE1-98A6-FDD8-1CDE667E8C9E">
<createdBy>jeang</createdBy>
<createdTime>2025-11-30 15:35:34 UTC</createdTime>
<ownerDesignName>db-v6</ownerDesignName>
</ColumnProxy>
<ColumnProxy name="telefono" id="EF59B3AB-ADD2-7B68-F26F-E8642C92B4A8">
<createdBy>jeang</createdBy>
<createdTime>2025-11-30 15:35:34 UTC</createdTime>
<ownerDesignName>db-v6</ownerDesignName>
</ColumnProxy>
<ColumnProxy name="estado_id" id="F8E9C6EA-1063-1F72-8BB8-C4951800DA32">
<createdBy>jeang</createdBy>
<createdTime>2025-11-30 15:35:34 UTC</createdTime>
<ownerDesignName>db-v6</ownerDesignName>
</ColumnProxy>
</columnProxies>
<foreignKeys>
<ForeignKey class="oracle.dbtools.crest.model.design.storage.oracle.v10g.FKProxyOraclev10g" name="fk_pedido_metodo" id="34206C20-DB37-67C2-88E8-4792548857C8">
<createdBy>jeang</createdBy>
<createdTime>2025-11-30 15:35:34 UTC</createdTime>
<ownerDesignName>db-v6</ownerDesignName>
</ForeignKey>
<ForeignKey class="oracle.dbtools.crest.model.design.storage.oracle.v10g.FKProxyOraclev10g" name="fk_pedido_estado_pago" id="53A8ADC4-63DD-2E25-2C38-5C98387AE39D">
<createdBy>jeang</createdBy>
<createdTime>2025-11-30 15:35:34 UTC</createdTime>
<ownerDesignName>db-v6</ownerDesignName>
</ForeignKey>
<ForeignKey class="oracle.dbtools.crest.model.design.storage.oracle.v10g.FKProxyOraclev10g" name="fk_pedido_estado" id="B52B3D55-B020-8F33-A390-4C1DD10A9166">
<createdBy>jeang</createdBy>
<createdTime>2025-11-30 15:35:34 UTC</createdTime>
<ownerDesignName>db-v6</ownerDesignName>
</ForeignKey>
<ForeignKey class="oracle.dbtools.crest.model.design.storage.oracle.v10g.FKProxyOraclev10g" name="fk_pedido_cliente" id="C01C1FB2-6691-B598-F0D3-5488B8659CB9">
<createdBy>jeang</createdBy>
<createdTime>2025-11-30 15:35:34 UTC</createdTime>
<ownerDesignName>db-v6</ownerDesignName>
</ForeignKey>
</foreignKeys>
<primaryKeys>
<PrimaryKey class="oracle.dbtools.crest.model.design.storage.oracle.v10g.PKProxyOraclev10g" name="pedidos_PK" id="59569806-491B-DBA1-8327-AE3B38DC342B">
<createdBy>jeang</createdBy>
<createdTime>2025-11-30 15:35:34 UTC</createdTime>
<ownerDesignName>db-v6</ownerDesignName>
<indexSort>SORTED</indexSort>
</PrimaryKey>
</primaryKeys>
</TableProxyOraclev20c>