<?xml version = '1.0' encoding = 'UTF-8'?>
<Diagram class="oracle.dbtools.crest.swingui.relational.DPVRelational" name="Relational_1" id="0ED33F36-0AE2-2667-1931-8328B4FEE6EF">
<createdBy>jeang</createdBy>
<modifiedBy>jeang</modifiedBy>
<createdTime>2025-11-30 15:35:34 UTC</createdTime>
<autoRoute>false</autoRoute>
<boxInbox>true</boxInbox>
<showLegend>false</showLegend>
<showLabels>false</showLabels>
<showRelAttributes>false</showRelAttributes>
<gridEnabled>false</gridEnabled>
<showGrid>false</showGrid>
<diagramColor>-1</diagramColor>
<display>false</display>
<notation>1</notation>
<objectViews>
<OView class="oracle.dbtools.crest.swingui.relational.TVTable" oid="2E6C5C95-A810-BCD6-38AB-5376567CE82F" otype="Table" vid="F72427D9-2027-B7C6-71E4-32DCBD8C9980">
<hideElementsInCurrentOnly>false</hideElementsInCurrentOnly>
<bounds x="463" y="9" width="238" height="262"/>
</OView>
<OView class="oracle.dbtools.crest.swingui.relational.TVTable" oid="2E9F7B2E-4AE9-DDA7-B66E-7DB923C4E1C5" otype="Table" vid="CA346EC5-C20C-FAE1-EFD6-54DB6A24A205">
<hideElementsInCurrentOnly>false</hideElementsInCurrentOnly>
<bounds x="300" y="576" width="210" height="192"/>
</OView>
<OView class="oracle.dbtools.crest.swingui.relational.TVTable" oid="30543ABF-1F3B-2E67-11C5-3772104D01C6" otype="Table" vid="04B10B67-DAF4-685A-B5BB-7196862C98BE">
<hideElementsInCurrentOnly>false</hideElementsInCurrentOnly>
<bounds x="289" y="29" width="162" height="88"/>
</OView>
<OView class="oracle.dbtools.crest.swingui.relational.TVTable" oid="347C6551-D394-2EB2-C5E5-2F8E43B9D0AF" otype="Table" vid="47C67DD2-F47A-37DC-EB45-8C00B4862D7E">
<hideElementsInCurrentOnly>false</hideElementsInCurrentOnly>
<bounds x="619" y="646" width="266" height="108"/>
</OView>
<OView class="oracle.dbtools.crest.swingui.relational.TVTable" oid="3D7E5997-4597-357D-CE0C-533CE4992B5F" otype="Table" vid="A9928196-DF04-B023-076A-AB94E57F8BC2">
<hideElementsInCurrentOnly>false</hideElementsInCurrentOnly>
<bounds x="737" y="99" width="204" height="164"/>
</OView>
<OView class="oracle.dbtools.crest.swingui.relational.TVTable" oid="4101D1BA-06DC-FCD0-9EDA-C41112117182" otype="Table" vid="C31893A8-31B1-4651-61CF-6D9EC81A7582">
<hideElementsInCurrentOnly>false</hideElementsInCurrentOnly>
<bounds x="472" y="294" width="186" height="88"/>
</OView>
<OView class="oracle.dbtools.crest.swingui.relational.TVTable" oid="43462E0F-FEB6-728F-16A1-FCCA0F841DFB" otype="Table" vid="F013E3E8-2B37-7E15-8F04-3A63A2A7EC7E">
<hideElementsInCurrentOnly>false</hideElementsInCurrentOnly>
<bounds x="12" y="161" width="233" height="360"/>
</OView>
<OView class="oracle.dbtools.crest.swingui.relational.TVTable" oid="4F8669AC-4E1A-F2B2-0599-1CC2BA26AEE9" otype="Table" vid="8D605516-8364-14A6-F669-DF9E19FF04C6">
<hideElementsInCurrentOnly>false</hideElementsInCurrentOnly>
<bounds x="287" y="431" width="211" height="88"/>
</OView>
<OView class="oracle.dbtools.crest.swingui.relational.TVTable" oid="5BEB4118-3269-5745-92E6-4B821DE629D9" otype="Table" vid="70EFEC6F-4DB9-F5AD-C46B-FF5B6FA408AC">
<hideElementsInCurrentOnly>false</hideElementsInCurrentOnly>
<bounds x="646" y="507" width="201" height="102"/>
</OView>
<OView class="oracle.dbtools.crest.swingui.relational.TVTable" oid="68F74AF8-3DA5-74F5-E37C-5B6B73AB0710" otype="Table" vid="1C3B41A2-CFED-FC2A-21E1-1FBE217F8CD7">
<hideElementsInCurrentOnly>false</hideElementsInCurrentOnly>
<bounds x="278" y="243" width="181" height="88"/>
</OView>
<OView class="oracle.dbtools.crest.swingui.relational.TVTable" oid="B2CC52BE-9312-9302-5414-15337869D2D1" otype="Table" vid="467D239F-C519-1E2B-BF00-FE7EF4423EE9">
<hideElementsInCurrentOnly>false</hideElementsInCurrentOnly>
<bounds x="743" y="2" width="213" height="88"/>
</OView>
<OView class="oracle.dbtools.crest.swingui.relational.TVTable" oid="B4636B66-E989-8BBF-C5DB-4765948AC072" otype="Table" vid="8C68D950-4AEB-85D0-1B04-4A559DF23F7D">
<hideElementsInCurrentOnly>false</hideElementsInCurrentOnly>
<bounds x="8" y="4" width="211" height="136"/>
</OView>
<OView class="oracle.dbtools.crest.swingui.relational.TVTable" oid="FB5FCCE0-0A36-1CE9-BF9D-EC378AC05B1E" otype="Table" vid="17FE7D0B-DA06-9E4F-B899-8ED2A7B74A1A">
<hideElementsInCurrentOnly>false</hideElementsInCurrentOnly>
<bounds x="702" y="316" width="211" height="158"/>
</OView>
<OView class="oracle.dbtools.crest.swingui.relational.TVTable" oid="FE7733B2-2F44-9179-A1ED-5DCCE165802B" otype="Table" vid="A5AB4564-E7C4-7C6A-8B63-9EF1028FD5D4">
<hideElementsInCurrentOnly>false</hideElementsInCurrentOnly>
<bounds x="20" y="561" width="205" height="178"/>
</OView>
</objectViews>
<connectors>
<Connector class="oracle.dbtools.crest.swingui.relational.TVFKRelation" oid="1303C5A3-5A89-670C-6B73-6512449F8FFD" otype="FKIndexAssociation" vid_source="CA346EC5-C20C-FAE1-EFD6-54DB6A24A205" vid_target="47C67DD2-F47A-37DC-EB45-8C00B4862D7E">
<hideElementsInCurrentOnly>false</hideElementsInCurrentOnly>
<backgroundColor>-16777216</backgroundColor>
<lineWidth>1</lineWidth>
<points>
<point x="510" y="700"/>
<point x="619" y="700"/>
</points>
</Connector>
<Connector class="oracle.dbtools.crest.swingui.relational.TVFKRelation" oid="36881535-555F-26BA-FF8D-2E3C39BBA1BA" otype="FKIndexAssociation" vid_source="F013E3E8-2B37-7E15-8F04-3A63A2A7EC7E" vid_target="F72427D9-2027-B7C6-71E4-32DCBD8C9980">
<hideElementsInCurrentOnly>false</hideElementsInCurrentOnly>
<backgroundColor>-16777216</backgroundColor>
<lineWidth>1</lineWidth>
<points>
<point x="245" y="216"/>
<point x="463" y="216"/>
</points>
</Connector>
<Connector class="oracle.dbtools.crest.swingui.relational.TVFKRelation" oid="56452EF5-8B75-4D0A-8D25-3DEDCE8DFA68" otype="FKIndexAssociation" vid_source="04B10B67-DAF4-685A-B5BB-7196862C98BE" vid_target="8C68D950-4AEB-85D0-1B04-4A559DF23F7D">
<hideElementsInCurrentOnly>false</hideElementsInCurrentOnly>
<backgroundColor>-16777216</backgroundColor>
<lineWidth>1</lineWidth>
<points>
<point x="289" y="73"/>
<point x="219" y="73"/>
</points>
</Connector>
<Connector class="oracle.dbtools.crest.swingui.relational.TVFKRelation" oid="5F82DBB7-72ED-E23E-DFCE-A4510C2BB51B" otype="FKIndexAssociation" vid_source="17FE7D0B-DA06-9E4F-B899-8ED2A7B74A1A" vid_target="F013E3E8-2B37-7E15-8F04-3A63A2A7EC7E">
<hideElementsInCurrentOnly>false</hideElementsInCurrentOnly>
<backgroundColor>-16777216</backgroundColor>
<lineWidth>1</lineWidth>
<points>
<point x="702" y="395"/>
<point x="245" y="395"/>
</points>
</Connector>
<Connector class="oracle.dbtools.crest.swingui.relational.TVFKRelation" oid="71EBDAB5-88DB-AB60-7544-9F15718EC7E1" otype="FKIndexAssociation" vid_source="70EFEC6F-4DB9-F5AD-C46B-FF5B6FA408AC" vid_target="CA346EC5-C20C-FAE1-EFD6-54DB6A24A205">
<hideElementsInCurrentOnly>false</hideElementsInCurrentOnly>
<backgroundColor>-16777216</backgroundColor>
<lineWidth>1</lineWidth>
<points>
<point x="646" y="592"/>
<point x="510" y="592"/>
</points>
</Connector>
<Connector class="oracle.dbtools.crest.swingui.relational.TVFKRelation" oid="81B8ECDB-898A-7676-0B53-FFD1A97B4A00" otype="FKIndexAssociation" vid_source="17FE7D0B-DA06-9E4F-B899-8ED2A7B74A1A" vid_target="A9928196-DF04-B023-076A-AB94E57F8BC2">
<hideElementsInCurrentOnly>false</hideElementsInCurrentOnly>
<backgroundColor>-16777216</backgroundColor>
<lineWidth>1</lineWidth>
<points>
<point x="825" y="316"/>
<point x="825" y="263"/>
</points>
</Connector>
<Connector class="oracle.dbtools.crest.swingui.relational.TVFKRelation" oid="8557CD08-0ECA-F1DC-5EC4-77EC4C15D3FE" otype="FKIndexAssociation" vid_source="C31893A8-31B1-4651-61CF-6D9EC81A7582" vid_target="F013E3E8-2B37-7E15-8F04-3A63A2A7EC7E">
<hideElementsInCurrentOnly>false</hideElementsInCurrentOnly>
<backgroundColor>-16777216</backgroundColor>
<lineWidth>1</lineWidth>
<points>
<point x="472" y="338"/>
<point x="245" y="338"/>
</points>
</Connector>
<Connector class="oracle.dbtools.crest.swingui.relational.TVFKRelation" oid="91C7A793-A6BD-57C2-BA10-A3E47D8ACFC9" otype="FKIndexAssociation" vid_source="1C3B41A2-CFED-FC2A-21E1-1FBE217F8CD7" vid_target="F013E3E8-2B37-7E15-8F04-3A63A2A7EC7E">
<hideElementsInCurrentOnly>false</hideElementsInCurrentOnly>
<backgroundColor>-16777216</backgroundColor>
<lineWidth>1</lineWidth>
<points>
<point x="278" y="287"/>
<point x="245" y="287"/>
</points>
</Connector>
<Connector class="oracle.dbtools.crest.swingui.relational.TVFKRelation" oid="9BCF0EBF-9315-E60C-3F57-ACFBFB9D3EF2" otype="FKIndexAssociation" vid_source="467D239F-C519-1E2B-BF00-FE7EF4423EE9" vid_target="F72427D9-2027-B7C6-71E4-32DCBD8C9980">
<hideElementsInCurrentOnly>false</hideElementsInCurrentOnly>
<backgroundColor>-16777216</backgroundColor>
<lineWidth>1</lineWidth>
<points>
<point x="743" y="49"/>
<point x="701" y="49"/>
</points>
</Connector>
<Connector class="oracle.dbtools.crest.swingui.relational.TVFKRelation" oid="B5364190-6AD8-8C56-0C0B-C8CAFF8F851A" otype="FKIndexAssociation" vid_source="8D605516-8364-14A6-F669-DF9E19FF04C6" vid_target="F013E3E8-2B37-7E15-8F04-3A63A2A7EC7E">
<hideElementsInCurrentOnly>false</hideElementsInCurrentOnly>
<backgroundColor>-16777216</backgroundColor>
<lineWidth>1</lineWidth>
<points>
<point x="287" y="475"/>
<point x="245" y="475"/>
</points>
</Connector>
<Connector class="oracle.dbtools.crest.swingui.relational.TVFKRelation" oid="D8D6BCC7-3B67-871D-3515-A058973A77B9" otype="FKIndexAssociation" vid_source="CA346EC5-C20C-FAE1-EFD6-54DB6A24A205" vid_target="A5AB4564-E7C4-7C6A-8B63-9EF1028FD5D4">
<hideElementsInCurrentOnly>false</hideElementsInCurrentOnly>
<backgroundColor>-16777216</backgroundColor>
<lineWidth>1</lineWidth>
<points>
<point x="300" y="657"/>
<point x="225" y="657"/>
</points>
</Connector>
<Connector class="oracle.dbtools.crest.swingui.relational.TVFKRelation" oid="EA39184F-DD13-C1A9-2509-F27B8C24F8E0" otype="FKIndexAssociation" vid_source="F013E3E8-2B37-7E15-8F04-3A63A2A7EC7E" vid_target="A5AB4564-E7C4-7C6A-8B63-9EF1028FD5D4">
<hideElementsInCurrentOnly>false</hideElementsInCurrentOnly>
<backgroundColor>-16777216</backgroundColor>
<lineWidth>1</lineWidth>
<points>
<point x="122" y="521"/>
<point x="122" y="561"/>
</points>
</Connector>
</connectors>
</Diagram>