<?xml version = '1.0' encoding = 'UTF-8'?>
<DomainFile class="oracle.dbtools.crest.model.design.DomainFileWrapper" fileName="Sin título_1_Domains">
<domains>
<Domain class="oracle.dbtools.crest.model.design.Domain" name="VARCHAR_0_0_255" id="2378754F-1964-B9D8-0B57-47258D5204B5">
<createdBy>jeang</createdBy>
<createdTime>2025-10-05 16:36:49 UTC</createdTime>
<ownerDesignName>Model_digital </ownerDesignName>
<avTSortOrder>0</avTSortOrder>
<dataTypePrecision>0</dataTypePrecision>
<dataTypeScale>0</dataTypeScale>
<dataTypeSize>255</dataTypeSize>
<fileName>Sin título_1_Domains</fileName>
<logicalDatatype>LOGDT024</logicalDatatype>
</Domain>
<Domain class="oracle.dbtools.crest.model.design.Domain" name="VARCHAR_0_0_20" id="237A7A94-F592-EC3A-EA06-682831803196">
<createdBy>jeang</createdBy>
<createdTime>2025-10-05 16:36:49 UTC</createdTime>
<ownerDesignName>Model_digital </ownerDesignName>
<avTSortOrder>0</avTSortOrder>
<dataTypePrecision>0</dataTypePrecision>
<dataTypeScale>0</dataTypeScale>
<dataTypeSize>20</dataTypeSize>
<fileName>Sin título_1_Domains</fileName>
<logicalDatatype>LOGDT024</logicalDatatype>
</Domain>
<Domain class="oracle.dbtools.crest.model.design.Domain" name="NUMERIC_5_2_0" id="2CCE66EF-234E-6FB5-8843-2A171F6268C8">
<createdBy>jeang</createdBy>
<createdTime>2025-10-05 16:36:49 UTC</createdTime>
<ownerDesignName>Model_digital </ownerDesignName>
<avTSortOrder>0</avTSortOrder>
<dataTypePrecision>5</dataTypePrecision>
<dataTypeScale>2</dataTypeScale>
<dataTypeSize>0</dataTypeSize>
<fileName>Sin título_1_Domains</fileName>
<logicalDatatype>LOGDT019</logicalDatatype>
</Domain>
<Domain class="oracle.dbtools.crest.model.design.Domain" name="VARCHAR_0_0_100" id="49176A67-2409-0ED9-FB03-BAF379F167EF">
<createdBy>jeang</createdBy>
<createdTime>2025-10-05 16:36:49 UTC</createdTime>
<ownerDesignName>Model_digital </ownerDesignName>
<avTSortOrder>0</avTSortOrder>
<dataTypePrecision>0</dataTypePrecision>
<dataTypeScale>0</dataTypeScale>
<dataTypeSize>100</dataTypeSize>
<fileName>Sin título_1_Domains</fileName>
<logicalDatatype>LOGDT024</logicalDatatype>
</Domain>
<Domain class="oracle.dbtools.crest.model.design.Domain" name="CHAR_0_0_1" id="5470AABF-361A-B1CD-2300-17D0D97307FB">
<createdBy>jeang</createdBy>
<createdTime>2025-10-05 16:36:49 UTC</createdTime>
<ownerDesignName>Model_digital </ownerDesignName>
<avTSortOrder>0</avTSortOrder>
<dataTypePrecision>0</dataTypePrecision>
<dataTypeScale>0</dataTypeScale>
<dataTypeSize>1</dataTypeSize>
<fileName>Sin título_1_Domains</fileName>
<logicalDatatype>LOGDT025</logicalDatatype>
</Domain>
<Domain class="oracle.dbtools.crest.model.design.Domain" name="Timestamp_6_0_0" id="7E08E4CC-6A05-4165-1FB9-B14E1F9F6A47">
<createdBy>jeang</createdBy>
<createdTime>2025-10-05 16:36:49 UTC</createdTime>
<ownerDesignName>Model_digital </ownerDesignName>
<avTSortOrder>0</avTSortOrder>
<dataTypePrecision>6</dataTypePrecision>
<fileName>Sin título_1_Domains</fileName>
<logicalDatatype>LOGDT015</logicalDatatype>
</Domain>
<Domain class="oracle.dbtools.crest.model.design.Domain" name="VARCHAR_0_0_30" id="899D2173-94FA-B90E-6340-B5AC79043942">
<createdBy>jeang</createdBy>
<createdTime>2025-10-05 16:36:49 UTC</createdTime>
<ownerDesignName>Model_digital </ownerDesignName>
<avTSortOrder>0</avTSortOrder>
<dataTypePrecision>0</dataTypePrecision>
<dataTypeScale>0</dataTypeScale>
<dataTypeSize>30</dataTypeSize>
<fileName>Sin título_1_Domains</fileName>
<logicalDatatype>LOGDT024</logicalDatatype>
</Domain>
<Domain class="oracle.dbtools.crest.model.design.Domain" name="NUMERIC_0_0_0" id="903C9302-AC11-FCCA-F129-5738DA8EA724">
<createdBy>jeang</createdBy>
<createdTime>2025-10-05 16:36:49 UTC</createdTime>
<ownerDesignName>Model_digital </ownerDesignName>
<avTSortOrder>0</avTSortOrder>
<fileName>Sin título_1_Domains</fileName>
<logicalDatatype>LOGDT019</logicalDatatype>
</Domain>
<Domain class="oracle.dbtools.crest.model.design.Domain" name="VARCHAR_0_0_1000" id="91FC04AD-32DB-2CB4-48B3-12FD71CA6C97">
<createdBy>jeang</createdBy>
<createdTime>2025-10-05 16:36:49 UTC</createdTime>
<ownerDesignName>Model_digital </ownerDesignName>
<avTSortOrder>0</avTSortOrder>
<dataTypePrecision>0</dataTypePrecision>
<dataTypeScale>0</dataTypeScale>
<dataTypeSize>1000</dataTypeSize>
<fileName>Sin título_1_Domains</fileName>
<logicalDatatype>LOGDT024</logicalDatatype>
</Domain>
<Domain class="oracle.dbtools.crest.model.design.Domain" name="VARCHAR_0_0_200" id="C56FCFA9-2523-1748-AC8C-E3011F83D168">
<createdBy>jeang</createdBy>
<createdTime>2025-10-05 16:36:49 UTC</createdTime>
<ownerDesignName>Model_digital </ownerDesignName>
<avTSortOrder>0</avTSortOrder>
<dataTypePrecision>0</dataTypePrecision>
<dataTypeScale>0</dataTypeScale>
<dataTypeSize>200</dataTypeSize>
<fileName>Sin título_1_Domains</fileName>
<logicalDatatype>LOGDT024</logicalDatatype>
</Domain>
<Domain class="oracle.dbtools.crest.model.design.Domain" name="Date_0_0_0" id="C78CA509-43CF-4EB2-2994-3039CC1F148E">
<createdBy>jeang</createdBy>
<createdTime>2025-10-05 16:36:49 UTC</createdTime>
<ownerDesignName>Model_digital </ownerDesignName>
<avTSortOrder>0</avTSortOrder>
<fileName>Sin título_1_Domains</fileName>
<logicalDatatype>LOGDT007</logicalDatatype>
</Domain>
<Domain class="oracle.dbtools.crest.model.design.Domain" name="NUMERIC_10_2_0" id="E5D7FA70-7441-4520-E250-85E73EAC1A39">
<createdBy>jeang</createdBy>
<createdTime>2025-10-05 16:36:49 UTC</createdTime>
<ownerDesignName>Model_digital </ownerDesignName>
<avTSortOrder>0</avTSortOrder>
<dataTypePrecision>10</dataTypePrecision>
<dataTypeScale>2</dataTypeScale>
<dataTypeSize>0</dataTypeSize>
<fileName>Sin título_1_Domains</fileName>
<logicalDatatype>LOGDT019</logicalDatatype>
</Domain>
<Domain class="oracle.dbtools.crest.model.design.Domain" name="VARCHAR_0_0_50" id="F5A0466D-08CB-6959-3EF6-FE50876486DB">
<createdBy>jeang</createdBy>
<createdTime>2025-10-05 16:36:49 UTC</createdTime>
<ownerDesignName>Model_digital </ownerDesignName>
<avTSortOrder>0</avTSortOrder>
<dataTypePrecision>0</dataTypePrecision>
<dataTypeScale>0</dataTypeScale>
<dataTypeSize>50</dataTypeSize>
<fileName>Sin título_1_Domains</fileName>
<logicalDatatype>LOGDT024</logicalDatatype>
</Domain>
<Domain class="oracle.dbtools.crest.model.design.Domain" name="VARCHAR_0_0_500" id="F9FAD452-4B81-5087-FD0F-C722198C982E">
<createdBy>jeang</createdBy>
<createdTime>2025-10-05 16:36:49 UTC</createdTime>
<ownerDesignName>Model_digital </ownerDesignName>
<avTSortOrder>0</avTSortOrder>
<dataTypePrecision>0</dataTypePrecision>
<dataTypeScale>0</dataTypeScale>
<dataTypeSize>500</dataTypeSize>
<fileName>Sin título_1_Domains</fileName>
<logicalDatatype>LOGDT024</logicalDatatype>
</Domain>
</domains>
</DomainFile>