<?xml version = '1.0' encoding = 'UTF-8'?>
<Diagram class="oracle.dbtools.crest.swingui.relational.DPVRelational" name="Relational_1" id="C293E921-4C11-974A-2C92-2242F902AFB6">
<createdBy>jeang</createdBy>
<modifiedBy>jeang</modifiedBy>
<createdTime>2025-10-05 16:36:49 UTC</createdTime>
<autoRoute>false</autoRoute>
<boxInbox>true</boxInbox>
<showLegend>false</showLegend>
<showLabels>false</showLabels>
<showRelAttributes>false</showRelAttributes>
<gridEnabled>false</gridEnabled>
<showGrid>false</showGrid>
<diagramColor>-1</diagramColor>
<display>false</display>
<notation>1</notation>
<objectViews>
<OView class="oracle.dbtools.crest.swingui.relational.TVTable" oid="0543CB4B-7E11-DDC3-906A-90C683606583" otype="Table" vid="E503DA0B-7610-1848-DD1F-C06AA0DCE834">
<hideElementsInCurrentOnly>false</hideElementsInCurrentOnly>
<bounds x="335" y="725" width="266" height="108"/>
</OView>
<OView class="oracle.dbtools.crest.swingui.relational.TVTable" oid="55930758-4E2B-84CC-03F0-7D77C04C6647" otype="Table" vid="BEBE2849-2A91-6354-F1A9-27337B8BF8B2">
<hideElementsInCurrentOnly>false</hideElementsInCurrentOnly>
<bounds x="831" y="652" width="204" height="150"/>
</OView>
<OView class="oracle.dbtools.crest.swingui.relational.TVTable" oid="56FBAB09-C4D9-6637-9841-4ED66ED415B1" otype="Table" vid="C093419B-0AD8-642E-B3F2-B4056012E266">
<hideElementsInCurrentOnly>false</hideElementsInCurrentOnly>
<bounds x="32" y="245" width="205" height="159"/>
</OView>
<OView class="oracle.dbtools.crest.swingui.relational.TVTable" oid="854AA7DE-86F3-318D-58D6-59C08397FE99" otype="Table" vid="9F4ACC63-FA7B-2729-CE36-B34F66FF4524">
<hideElementsInCurrentOnly>false</hideElementsInCurrentOnly>
<bounds x="342" y="245" width="183" height="178"/>
</OView>
<OView class="oracle.dbtools.crest.swingui.relational.TVTable" oid="92687A46-D508-305C-7162-1EEDD24C93E8" otype="Table" vid="FDDEAE41-EF06-F809-17DF-2E58B0D29EC3">
<hideElementsInCurrentOnly>false</hideElementsInCurrentOnly>
<bounds x="959" y="21" width="213" height="88"/>
</OView>
<OView class="oracle.dbtools.crest.swingui.relational.TVTable" oid="B4A596EA-121D-41F2-8C9D-BD754A1C6199" otype="Table" vid="0BE23A99-2319-9C75-F73A-94DF88D05E63">
<hideElementsInCurrentOnly>false</hideElementsInCurrentOnly>
<bounds x="26" y="770" width="250" height="108"/>
</OView>
<OView class="oracle.dbtools.crest.swingui.relational.TVTable" oid="BA819335-2203-DA29-6612-C69041D8F5C7" otype="Table" vid="8AAC6CBD-90F4-E1BF-0A7C-4D3560B14B1F">
<hideElementsInCurrentOnly>false</hideElementsInCurrentOnly>
<bounds x="23" y="964" width="247" height="144"/>
</OView>
<OView class="oracle.dbtools.crest.swingui.relational.TVTable" oid="C00191FD-8991-2828-708C-F398150D2667" otype="Table" vid="3227F840-CD51-3BC8-7BA9-D3C475428FD2">
<hideElementsInCurrentOnly>false</hideElementsInCurrentOnly>
<bounds x="831" y="378" width="211" height="158"/>
</OView>
<OView class="oracle.dbtools.crest.swingui.relational.TVTable" oid="C2E17605-3443-7748-D777-EB2BD58A155D" otype="Table" vid="618FC19C-3C0B-258E-FA60-1E2D7DFDEA28">
<hideElementsInCurrentOnly>false</hideElementsInCurrentOnly>
<bounds x="566" y="479" width="181" height="88"/>
</OView>
<OView class="oracle.dbtools.crest.swingui.relational.TVTable" oid="D2329C2B-6BEA-A220-57B8-A5DB1ABC5228" otype="Table" vid="67A8BF59-A127-C3C8-9091-928143069B91">
<hideElementsInCurrentOnly>false</hideElementsInCurrentOnly>
<bounds x="34" y="12" width="211" height="136"/>
</OView>
<OView class="oracle.dbtools.crest.swingui.relational.TVTable" oid="DC88839B-05C5-C35B-A96C-03B7FE425024" otype="Table" vid="5F4933A4-AA3F-D40E-4084-26BE897CA8E0">
<hideElementsInCurrentOnly>false</hideElementsInCurrentOnly>
<bounds x="837" y="276" width="186" height="88"/>
</OView>
<OView class="oracle.dbtools.crest.swingui.relational.TVTable" oid="E2DCC93D-85FF-66A1-FA15-EEBF2D664008" otype="Table" vid="3F6B22BC-4AAA-8360-21F0-ED2DAF84EAF7">
<hideElementsInCurrentOnly>false</hideElementsInCurrentOnly>
<bounds x="341" y="530" width="201" height="102"/>
</OView>
<OView class="oracle.dbtools.crest.swingui.relational.TVTable" oid="EDC2F9F4-1F80-22A0-A8DA-184ADD73F27C" otype="Table" vid="50CFC555-3E30-A1B6-5CC3-F6B17DE6A918">
<hideElementsInCurrentOnly>false</hideElementsInCurrentOnly>
<bounds x="589" y="16" width="238" height="262"/>
</OView>
<OView class="oracle.dbtools.crest.swingui.relational.TVTable" oid="F0815E7D-FB03-7F26-2486-7BEB8242D92F" otype="Table" vid="EA0540A0-C1DC-B602-D979-1B1AFEDDFD97">
<hideElementsInCurrentOnly>false</hideElementsInCurrentOnly>
<bounds x="30" y="488" width="210" height="178"/>
</OView>
<OView class="oracle.dbtools.crest.swingui.relational.TVTable" oid="F3CA1840-AC11-CC86-61E9-FD4BC1C78908" otype="Table" vid="2D6F8C72-D6DA-37F4-B878-6A2AC0701AA6">
<hideElementsInCurrentOnly>false</hideElementsInCurrentOnly>
<bounds x="338" y="32" width="162" height="88"/>
</OView>
</objectViews>
<connectors>
<Connector class="oracle.dbtools.crest.swingui.relational.TVFKRelation" oid="0621C4C0-FDAB-A96B-4E15-89DD6D92660C" otype="FKIndexAssociation" vid_source="8AAC6CBD-90F4-E1BF-0A7C-4D3560B14B1F" vid_target="0BE23A99-2319-9C75-F73A-94DF88D05E63">
<hideElementsInCurrentOnly>false</hideElementsInCurrentOnly>
<backgroundColor>-16777216</backgroundColor>
<lineWidth>1</lineWidth>
<points>
<point x="148" y="964"/>
<point x="148" y="878"/>
</points>
</Connector>
<Connector class="oracle.dbtools.crest.swingui.relational.TVFKRelation" oid="0B5C5CA6-2843-78E5-CDB1-2D7453972C17" otype="FKIndexAssociation" vid_source="9F4ACC63-FA7B-2729-CE36-B34F66FF4524" vid_target="C093419B-0AD8-642E-B3F2-B4056012E266">
<hideElementsInCurrentOnly>false</hideElementsInCurrentOnly>
<backgroundColor>-16777216</backgroundColor>
<lineWidth>1</lineWidth>
<points>
<point x="342" y="324"/>
<point x="237" y="324"/>
</points>
</Connector>
<Connector class="oracle.dbtools.crest.swingui.relational.TVFKRelation" oid="18CA8871-3E89-97B3-61A1-BE95AE687401" otype="FKIndexAssociation" vid_source="3227F840-CD51-3BC8-7BA9-D3C475428FD2" vid_target="9F4ACC63-FA7B-2729-CE36-B34F66FF4524">
<hideElementsInCurrentOnly>false</hideElementsInCurrentOnly>
<backgroundColor>-16777216</backgroundColor>
<lineWidth>1</lineWidth>
<points>
<point x="831" y="385"/>
<point x="525" y="385"/>
</points>
</Connector>
<Connector class="oracle.dbtools.crest.swingui.relational.TVFKRelation" oid="1AA071E2-65E6-132C-A7F4-BBAC089227A5" otype="FKIndexAssociation" vid_source="9F4ACC63-FA7B-2729-CE36-B34F66FF4524" vid_target="50CFC555-3E30-A1B6-5CC3-F6B17DE6A918">
<hideElementsInCurrentOnly>false</hideElementsInCurrentOnly>
<backgroundColor>-16777216</backgroundColor>
<lineWidth>1</lineWidth>
<points>
<point x="525" y="261"/>
<point x="589" y="261"/>
</points>
</Connector>
<Connector class="oracle.dbtools.crest.swingui.relational.TVFKRelation" oid="1AC6B676-F973-E5B6-241F-5C64C6DEB646" otype="FKIndexAssociation" vid_source="EA0540A0-C1DC-B602-D979-1B1AFEDDFD97" vid_target="E503DA0B-7610-1848-DD1F-C06AA0DCE834">
<hideElementsInCurrentOnly>false</hideElementsInCurrentOnly>
<backgroundColor>-16777216</backgroundColor>
<lineWidth>1</lineWidth>
<points>
<point x="240" y="640"/>
<point x="378" y="725"/>
</points>
</Connector>
<Connector class="oracle.dbtools.crest.swingui.relational.TVFKRelation" oid="2BEEB149-23A5-1BC5-F3E9-371680129A9F" otype="FKIndexAssociation" vid_source="3F6B22BC-4AAA-8360-21F0-ED2DAF84EAF7" vid_target="EA0540A0-C1DC-B602-D979-1B1AFEDDFD97">
<hideElementsInCurrentOnly>false</hideElementsInCurrentOnly>
<backgroundColor>-16777216</backgroundColor>
<lineWidth>1</lineWidth>
<points>
<point x="341" y="581"/>
<point x="240" y="581"/>
</points>
</Connector>
<Connector class="oracle.dbtools.crest.swingui.relational.TVFKRelation" oid="3C5CF75D-FAF3-821A-8BC6-DF29C6D9F1ED" otype="FKIndexAssociation" vid_source="2D6F8C72-D6DA-37F4-B878-6A2AC0701AA6" vid_target="67A8BF59-A127-C3C8-9091-928143069B91">
<hideElementsInCurrentOnly>false</hideElementsInCurrentOnly>
<backgroundColor>-16777216</backgroundColor>
<lineWidth>1</lineWidth>
<points>
<point x="338" y="76"/>
<point x="245" y="76"/>
</points>
</Connector>
<Connector class="oracle.dbtools.crest.swingui.relational.TVFKRelation" oid="5F203152-D2FE-04C3-B1D3-FBF74BBD2341" otype="FKIndexAssociation" vid_source="FDDEAE41-EF06-F809-17DF-2E58B0D29EC3" vid_target="50CFC555-3E30-A1B6-5CC3-F6B17DE6A918">
<hideElementsInCurrentOnly>false</hideElementsInCurrentOnly>
<backgroundColor>-16777216</backgroundColor>
<lineWidth>1</lineWidth>
<points>
<point x="959" y="65"/>
<point x="827" y="65"/>
</points>
</Connector>
<Connector class="oracle.dbtools.crest.swingui.relational.TVFKRelation" oid="9EB0CF36-2C83-AF1C-7F30-2191F66C1E80" otype="FKIndexAssociation" vid_source="EA0540A0-C1DC-B602-D979-1B1AFEDDFD97" vid_target="C093419B-0AD8-642E-B3F2-B4056012E266">
<hideElementsInCurrentOnly>false</hideElementsInCurrentOnly>
<backgroundColor>-16777216</backgroundColor>
<lineWidth>1</lineWidth>
<points>
<point x="134" y="488"/>
<point x="134" y="404"/>
</points>
</Connector>
<Connector class="oracle.dbtools.crest.swingui.relational.TVFKRelation" oid="B0B467B0-29E4-DA61-ECB3-CFC590759C77" otype="FKIndexAssociation" vid_source="EA0540A0-C1DC-B602-D979-1B1AFEDDFD97" vid_target="0BE23A99-2319-9C75-F73A-94DF88D05E63">
<hideElementsInCurrentOnly>false</hideElementsInCurrentOnly>
<backgroundColor>-16777216</backgroundColor>
<lineWidth>1</lineWidth>
<points>
<point x="135" y="666"/>
<point x="135" y="770"/>
</points>
</Connector>
<Connector class="oracle.dbtools.crest.swingui.relational.TVFKRelation" oid="DEFC0EE6-FC79-4962-8AB0-ED9C43C6F523" otype="FKIndexAssociation" vid_source="3227F840-CD51-3BC8-7BA9-D3C475428FD2" vid_target="BEBE2849-2A91-6354-F1A9-27337B8BF8B2">
<hideElementsInCurrentOnly>false</hideElementsInCurrentOnly>
<backgroundColor>-16777216</backgroundColor>
<lineWidth>1</lineWidth>
<points>
<point x="933" y="536"/>
<point x="933" y="652"/>
</points>
</Connector>
<Connector class="oracle.dbtools.crest.swingui.relational.TVFKRelation" oid="EEEABACA-32B9-90AE-DFAE-7BCE3145332C" otype="FKIndexAssociation" vid_source="5F4933A4-AA3F-D40E-4084-26BE897CA8E0" vid_target="9F4ACC63-FA7B-2729-CE36-B34F66FF4524">
<hideElementsInCurrentOnly>false</hideElementsInCurrentOnly>
<backgroundColor>-16777216</backgroundColor>
<lineWidth>1</lineWidth>
<points>
<point x="837" y="320"/>
<point x="525" y="320"/>
</points>
</Connector>
<Connector class="oracle.dbtools.crest.swingui.relational.TVFKRelation" oid="FA09D1F9-9557-5950-E354-65D15D8304E0" otype="FKIndexAssociation" vid_source="618FC19C-3C0B-258E-FA60-1E2D7DFDEA28" vid_target="9F4ACC63-FA7B-2729-CE36-B34F66FF4524">
<hideElementsInCurrentOnly>false</hideElementsInCurrentOnly>
<backgroundColor>-16777216</backgroundColor>
<lineWidth>1</lineWidth>
<points>
<point x="604" y="479"/>
<point x="525" y="411"/>
</points>
</Connector>
</connectors>
</Diagram>