<?xml version = '1.0' encoding = 'UTF-8'?>
<Table class="oracle.dbtools.crest.model.design.relational.Table" directorySegmentName="seg_0" id="56FBAB09-C4D9-6637-9841-4ED66ED415B1" name="detalle_pedido">
<sourceDDLFile>data.sql</sourceDDLFile>
<createdBy>jeang</createdBy>
<createdTime>2025-10-05 16:36:50 UTC</createdTime>
<ownerDesignName>Model_digital </ownerDesignName>
<allowColumnReorder>false</allowColumnReorder>
<existDependencyGenerateInDDl>true</existDependencyGenerateInDDl>
<parsed>true</parsed>
<columns itemClass="oracle.dbtools.crest.model.design.relational.Column">
<Column name="detalle_id" id="FD96C230-E2B4-461B-49E1-9688EB2E5EE1">
<sourceDDLFile>data.sql</sourceDDLFile>
<createdBy>jeang</createdBy>
<createdTime>2025-10-05 16:36:50 UTC</createdTime>
<ownerDesignName>Model_digital </ownerDesignName>
<use>0</use>
<logicalDatatype>LOGDT019</logicalDatatype>
<domain>903C9302-AC11-FCCA-F129-5738DA8EA724</domain>
<ownDataTypeParameters>,,</ownDataTypeParameters>
<autoIncrementColumn>true</autoIncrementColumn>
<identityColumn>true</identityColumn>
<autoIncrementCycle>false</autoIncrementCycle>
<autoIncrementOrder>false</autoIncrementOrder>
</Column>
<Column name="pedido_id" id="FD600639-F74E-1A9B-80E1-BFE692F777C9">
<sourceDDLFile>data.sql</sourceDDLFile>
<createdBy>jeang</createdBy>
<createdTime>2025-10-05 16:36:50 UTC</createdTime>
<ownerDesignName>Model_digital </ownerDesignName>
<use>0</use>
<logicalDatatype>LOGDT019</logicalDatatype>
<domain>903C9302-AC11-FCCA-F129-5738DA8EA724</domain>
<ownDataTypeParameters>,,</ownDataTypeParameters>
<autoIncrementCycle>false</autoIncrementCycle>
<associations>
<colAssociation fkAssociation="0B5C5CA6-2843-78E5-CDB1-2D7453972C17" referredColumn="44DB24F8-DD61-656B-72EB-608CE9E58962"/>
</associations>
</Column>
<Column name="producto_id" id="EFEF7801-CD08-EAEE-5A63-FF911FB4B8AC">
<sourceDDLFile>data.sql</sourceDDLFile>
<createdBy>jeang</createdBy>
<createdTime>2025-10-05 16:36:50 UTC</createdTime>
<ownerDesignName>Model_digital </ownerDesignName>
<use>0</use>
<logicalDatatype>LOGDT019</logicalDatatype>
<domain>903C9302-AC11-FCCA-F129-5738DA8EA724</domain>
<ownDataTypeParameters>,,</ownDataTypeParameters>
<autoIncrementCycle>false</autoIncrementCycle>
<associations>
<colAssociation fkAssociation="9EB0CF36-2C83-AF1C-7F30-2191F66C1E80" referredColumn="4E3257DC-D26E-33C0-8694-9FE3752FAE62"/>
</associations>
</Column>
<Column name="cantidad" id="BE5B5C0A-1359-1D16-147C-15C5F25A50D2">
<sourceDDLFile>data.sql</sourceDDLFile>
<createdBy>jeang</createdBy>
<createdTime>2025-10-05 16:36:50 UTC</createdTime>
<ownerDesignName>Model_digital </ownerDesignName>
<use>0</use>
<logicalDatatype>LOGDT019</logicalDatatype>
<domain>903C9302-AC11-FCCA-F129-5738DA8EA724</domain>
<ownDataTypeParameters>,,</ownDataTypeParameters>
<autoIncrementCycle>false</autoIncrementCycle>
</Column>
<Column name="precio_unitario" id="E20BBEB0-DAD5-700F-B2A3-5143FB42662F">
<sourceDDLFile>data.sql</sourceDDLFile>
<createdBy>jeang</createdBy>
<createdTime>2025-10-05 16:36:50 UTC</createdTime>
<ownerDesignName>Model_digital </ownerDesignName>
<use>0</use>
<logicalDatatype>LOGDT019</logicalDatatype>
<domain>E5D7FA70-7441-4520-E250-85E73EAC1A39</domain>
<ownDataTypeParameters>,,</ownDataTypeParameters>
<autoIncrementCycle>false</autoIncrementCycle>
</Column>
</columns>
<indexes itemClass="oracle.dbtools.crest.model.design.relational.Index">
<ind_PK_UK id="5565DE8B-D091-8912-2FBA-51C1ED96DDAA" name="detalle_pedido_PK">
<sourceDDLFile>data.sql</sourceDDLFile>
<createdBy>jeang</createdBy>
<createdTime>2025-10-05 16:36:50 UTC</createdTime>
<ownerDesignName>Model_digital </ownerDesignName>
<pk>true</pk>
<indexState>Primary Constraint</indexState>
<isSurrogateKey>false</isSurrogateKey>
<indexColumnUsage>
<colUsage columnID="FD96C230-E2B4-461B-49E1-9688EB2E5EE1"/>
</indexColumnUsage>
</ind_PK_UK>
<ind_PK_UK id="9A3F62A1-8EF5-1F1E-2DFF-D09A010E2D7A" name="fk_detalle_pedido">
<createdBy>jeang</createdBy>
<createdTime>2025-10-05 16:36:50 UTC</createdTime>
<ownerDesignName>Model_digital </ownerDesignName>
<indexState>Foreign Key</indexState>
<isSurrogateKey>false</isSurrogateKey>
<indexColumnUsage>
<colUsage columnID="FD600639-F74E-1A9B-80E1-BFE692F777C9"/>
</indexColumnUsage>
</ind_PK_UK>
<ind_PK_UK id="009D34B2-0FE0-9CE9-DF20-9267DBDC1661" name="fk_detalle_producto">
<createdBy>jeang</createdBy>
<createdTime>2025-10-05 16:36:50 UTC</createdTime>
<ownerDesignName>Model_digital </ownerDesignName>
<indexState>Foreign Key</indexState>
<isSurrogateKey>false</isSurrogateKey>
<indexColumnUsage>
<colUsage columnID="EFEF7801-CD08-EAEE-5A63-FF911FB4B8AC"/>
</indexColumnUsage>
</ind_PK_UK>
</indexes>
</Table>