<?xml version = '1.0' encoding = 'UTF-8'?>
<Table class="oracle.dbtools.crest.model.design.relational.Table" directorySegmentName="seg_0" id="854AA7DE-86F3-318D-58D6-59C08397FE99" name="pedidos">
<sourceDDLFile>data.sql</sourceDDLFile>
<createdBy>jeang</createdBy>
<createdTime>2025-10-05 16:36:50 UTC</createdTime>
<ownerDesignName>Model_digital </ownerDesignName>
<allowColumnReorder>false</allowColumnReorder>
<existDependencyGenerateInDDl>true</existDependencyGenerateInDDl>
<parsed>true</parsed>
<columns itemClass="oracle.dbtools.crest.model.design.relational.Column">
<Column name="pedido_id" id="44DB24F8-DD61-656B-72EB-608CE9E58962">
<sourceDDLFile>data.sql</sourceDDLFile>
<createdBy>jeang</createdBy>
<createdTime>2025-10-05 16:36:50 UTC</createdTime>
<ownerDesignName>Model_digital </ownerDesignName>
<use>0</use>
<logicalDatatype>LOGDT019</logicalDatatype>
<domain>903C9302-AC11-FCCA-F129-5738DA8EA724</domain>
<ownDataTypeParameters>,,</ownDataTypeParameters>
<autoIncrementColumn>true</autoIncrementColumn>
<identityColumn>true</identityColumn>
<autoIncrementCycle>false</autoIncrementCycle>
<autoIncrementOrder>false</autoIncrementOrder>
</Column>
<Column name="cliente_id" id="DA34BFEC-D176-EDA1-948C-9CADDA1A1738">
<sourceDDLFile>data.sql</sourceDDLFile>
<createdBy>jeang</createdBy>
<createdTime>2025-10-05 16:36:50 UTC</createdTime>
<ownerDesignName>Model_digital </ownerDesignName>
<nullsAllowed>true</nullsAllowed>
<use>0</use>
<logicalDatatype>LOGDT019</logicalDatatype>
<domain>903C9302-AC11-FCCA-F129-5738DA8EA724</domain>
<ownDataTypeParameters>,,</ownDataTypeParameters>
<autoIncrementCycle>false</autoIncrementCycle>
<associations>
<colAssociation fkAssociation="18CA8871-3E89-97B3-61A1-BE95AE687401" referredColumn="90F8C23A-4B51-2C24-20A2-85F18E9E5E42"/>
</associations>
</Column>
<Column name="fecha" id="8D697C68-D185-E728-7405-27C15F0C9137">
<sourceDDLFile>data.sql</sourceDDLFile>
<createdBy>jeang</createdBy>
<createdTime>2025-10-05 16:36:50 UTC</createdTime>
<ownerDesignName>Model_digital </ownerDesignName>
<nullsAllowed>true</nullsAllowed>
<use>0</use>
<logicalDatatype>LOGDT015</logicalDatatype>
<domain>7E08E4CC-6A05-4165-1FB9-B14E1F9F6A47</domain>
<defaultValue>CURRENT_TIMESTAMP</defaultValue>
<ownDataTypeParameters>,,</ownDataTypeParameters>
<autoIncrementCycle>false</autoIncrementCycle>
</Column>
<Column name="estado_id" id="71B43B66-EA94-F537-CDAA-879D3E8D7A35">
<sourceDDLFile>data.sql</sourceDDLFile>
<createdBy>jeang</createdBy>
<createdTime>2025-10-05 16:36:50 UTC</createdTime>
<ownerDesignName>Model_digital </ownerDesignName>
<use>0</use>
<logicalDatatype>LOGDT019</logicalDatatype>
<domain>903C9302-AC11-FCCA-F129-5738DA8EA724</domain>
<ownDataTypeParameters>,,</ownDataTypeParameters>
<autoIncrementCycle>false</autoIncrementCycle>
<associations>
<colAssociation fkAssociation="FA09D1F9-9557-5950-E354-65D15D8304E0" referredColumn="F1918E05-D3F2-A84B-D6FD-63F303988E0F"/>
</associations>
</Column>
<Column name="metodo_id" id="F4200404-EE8E-459A-25C2-FC9431098E21">
<sourceDDLFile>data.sql</sourceDDLFile>
<createdBy>jeang</createdBy>
<createdTime>2025-10-05 16:36:50 UTC</createdTime>
<ownerDesignName>Model_digital </ownerDesignName>
<use>0</use>
<logicalDatatype>LOGDT019</logicalDatatype>
<domain>903C9302-AC11-FCCA-F129-5738DA8EA724</domain>
<ownDataTypeParameters>,,</ownDataTypeParameters>
<autoIncrementCycle>false</autoIncrementCycle>
<associations>
<colAssociation fkAssociation="EEEABACA-32B9-90AE-DFAE-7BCE3145332C" referredColumn="526AD4B9-1092-04D5-0D66-4E3D4284DCF1"/>
</associations>
</Column>
<Column name="total" id="813A5A1F-F230-4414-C9F5-3EBBF0EB85B6">
<sourceDDLFile>data.sql</sourceDDLFile>
<createdBy>jeang</createdBy>
<createdTime>2025-10-05 16:36:50 UTC</createdTime>
<ownerDesignName>Model_digital </ownerDesignName>
<use>0</use>
<logicalDatatype>LOGDT019</logicalDatatype>
<domain>E5D7FA70-7441-4520-E250-85E73EAC1A39</domain>
<ownDataTypeParameters>,,</ownDataTypeParameters>
<autoIncrementCycle>false</autoIncrementCycle>
</Column>
</columns>
<indexes itemClass="oracle.dbtools.crest.model.design.relational.Index">
<ind_PK_UK id="1E81C66D-07C2-EE6E-E741-17C836B0AE1A" name="pedidos_PK">
<sourceDDLFile>data.sql</sourceDDLFile>
<createdBy>jeang</createdBy>
<createdTime>2025-10-05 16:36:50 UTC</createdTime>
<ownerDesignName>Model_digital </ownerDesignName>
<pk>true</pk>
<indexState>Primary Constraint</indexState>
<isSurrogateKey>false</isSurrogateKey>
<indexColumnUsage>
<colUsage columnID="44DB24F8-DD61-656B-72EB-608CE9E58962"/>
</indexColumnUsage>
</ind_PK_UK>
<ind_PK_UK id="99D6DE86-4DC5-ED82-A203-A027F949299F" name="fk_pedido_cliente">
<createdBy>jeang</createdBy>
<createdTime>2025-10-05 16:36:50 UTC</createdTime>
<ownerDesignName>Model_digital </ownerDesignName>
<indexState>Foreign Key</indexState>
<isSurrogateKey>false</isSurrogateKey>
<indexColumnUsage>
<colUsage columnID="DA34BFEC-D176-EDA1-948C-9CADDA1A1738"/>
</indexColumnUsage>
</ind_PK_UK>
<ind_PK_UK id="61622569-CCD4-24E1-8A68-397CC0882CCE" name="fk_pedido_estado">
<createdBy>jeang</createdBy>
<createdTime>2025-10-05 16:36:50 UTC</createdTime>
<ownerDesignName>Model_digital </ownerDesignName>
<indexState>Foreign Key</indexState>
<isSurrogateKey>false</isSurrogateKey>
<indexColumnUsage>
<colUsage columnID="71B43B66-EA94-F537-CDAA-879D3E8D7A35"/>
</indexColumnUsage>
</ind_PK_UK>
<ind_PK_UK id="2FD689A1-A764-9BC8-45C2-A4E3E7AEE26E" name="fk_pedido_metodo">
<createdBy>jeang</createdBy>
<createdTime>2025-10-05 16:36:50 UTC</createdTime>
<ownerDesignName>Model_digital </ownerDesignName>
<indexState>Foreign Key</indexState>
<isSurrogateKey>false</isSurrogateKey>
<indexColumnUsage>
<colUsage columnID="F4200404-EE8E-459A-25C2-FC9431098E21"/>
</indexColumnUsage>
</ind_PK_UK>
</indexes>
</Table>