<?xml version = '1.0' encoding = 'UTF-8'?>
<Table class="oracle.dbtools.crest.model.design.relational.Table" directorySegmentName="seg_0" id="B4A596EA-121D-41F2-8C9D-BD754A1C6199" name="promo_productos">
<sourceDDLFile>data.sql</sourceDDLFile>
<createdBy>jeang</createdBy>
<createdTime>2025-10-05 16:36:50 UTC</createdTime>
<ownerDesignName>Model_digital </ownerDesignName>
<allowColumnReorder>false</allowColumnReorder>
<existDependencyGenerateInDDl>true</existDependencyGenerateInDDl>
<parsed>true</parsed>
<columns itemClass="oracle.dbtools.crest.model.design.relational.Column">
<Column name="promo_id" id="DA8F7743-FE6A-6376-03C5-89A2F9AAE182">
<sourceDDLFile>data.sql</sourceDDLFile>
<createdBy>jeang</createdBy>
<createdTime>2025-10-05 16:36:50 UTC</createdTime>
<ownerDesignName>Model_digital </ownerDesignName>
<use>0</use>
<logicalDatatype>LOGDT019</logicalDatatype>
<domain>903C9302-AC11-FCCA-F129-5738DA8EA724</domain>
<ownDataTypeParameters>,,</ownDataTypeParameters>
<autoIncrementCycle>false</autoIncrementCycle>
<associations>
<colAssociation fkAssociation="0621C4C0-FDAB-A96B-4E15-89DD6D92660C" referredColumn="9664A89C-A32F-A5B9-2EA4-DB05E67AC292"/>
</associations>
</Column>
<Column name="producto_id" id="547B0FBB-6DE1-EAA7-F580-7EA9A7ECD146">
<sourceDDLFile>data.sql</sourceDDLFile>
<createdBy>jeang</createdBy>
<createdTime>2025-10-05 16:36:50 UTC</createdTime>
<ownerDesignName>Model_digital </ownerDesignName>
<use>0</use>
<logicalDatatype>LOGDT019</logicalDatatype>
<domain>903C9302-AC11-FCCA-F129-5738DA8EA724</domain>
<ownDataTypeParameters>,,</ownDataTypeParameters>
<autoIncrementCycle>false</autoIncrementCycle>
<associations>
<colAssociation fkAssociation="B0B467B0-29E4-DA61-ECB3-CFC590759C77" referredColumn="4E3257DC-D26E-33C0-8694-9FE3752FAE62"/>
</associations>
</Column>
</columns>
<indexes itemClass="oracle.dbtools.crest.model.design.relational.Index">
<ind_PK_UK id="19C0F1C8-7513-7E90-1768-A9BA379D33F9" name="pk_promo_productos">
<sourceDDLFile>data.sql</sourceDDLFile>
<createdBy>jeang</createdBy>
<createdTime>2025-10-05 16:36:50 UTC</createdTime>
<ownerDesignName>Model_digital </ownerDesignName>
<pk>true</pk>
<indexState>Primary Constraint</indexState>
<isSurrogateKey>false</isSurrogateKey>
<indexColumnUsage>
<colUsage columnID="DA8F7743-FE6A-6376-03C5-89A2F9AAE182"/>
<colUsage columnID="547B0FBB-6DE1-EAA7-F580-7EA9A7ECD146"/>
</indexColumnUsage>
</ind_PK_UK>
<ind_PK_UK id="F8765CE4-A666-09CD-82DA-5E1B8A70BAFD" name="fk_promo">
<createdBy>jeang</createdBy>
<createdTime>2025-10-05 16:36:50 UTC</createdTime>
<ownerDesignName>Model_digital </ownerDesignName>
<indexState>Foreign Key</indexState>
<isSurrogateKey>false</isSurrogateKey>
<indexColumnUsage>
<colUsage columnID="DA8F7743-FE6A-6376-03C5-89A2F9AAE182"/>
</indexColumnUsage>
</ind_PK_UK>
<ind_PK_UK id="F12510EC-EE66-AA00-F24F-27F0EC5131E8" name="fk_promo_producto">
<createdBy>jeang</createdBy>
<createdTime>2025-10-05 16:36:50 UTC</createdTime>
<ownerDesignName>Model_digital </ownerDesignName>
<indexState>Foreign Key</indexState>
<isSurrogateKey>false</isSurrogateKey>
<indexColumnUsage>
<colUsage columnID="547B0FBB-6DE1-EAA7-F580-7EA9A7ECD146"/>
</indexColumnUsage>
</ind_PK_UK>
</indexes>
</Table>