<?xml version = '1.0' encoding = 'UTF-8'?>
<Table class="oracle.dbtools.crest.model.design.relational.Table" directorySegmentName="seg_0" id="EDC2F9F4-1F80-22A0-A8DA-184ADD73F27C" name="envios">
<sourceDDLFile>data.sql</sourceDDLFile>
<createdBy>jeang</createdBy>
<createdTime>2025-10-05 16:36:50 UTC</createdTime>
<ownerDesignName>Model_digital </ownerDesignName>
<allowColumnReorder>false</allowColumnReorder>
<existDependencyGenerateInDDl>true</existDependencyGenerateInDDl>
<parsed>true</parsed>
<columns itemClass="oracle.dbtools.crest.model.design.relational.Column">
<Column name="envio_id" id="8B93A1B3-6B5F-B5A0-B3FF-2F638B83E7FB">
<sourceDDLFile>data.sql</sourceDDLFile>
<createdBy>jeang</createdBy>
<createdTime>2025-10-05 16:36:50 UTC</createdTime>
<ownerDesignName>Model_digital </ownerDesignName>
<use>0</use>
<logicalDatatype>LOGDT019</logicalDatatype>
<domain>903C9302-AC11-FCCA-F129-5738DA8EA724</domain>
<ownDataTypeParameters>,,</ownDataTypeParameters>
<autoIncrementColumn>true</autoIncrementColumn>
<identityColumn>true</identityColumn>
<autoIncrementCycle>false</autoIncrementCycle>
<autoIncrementOrder>false</autoIncrementOrder>
</Column>
<Column name="pedido_id" id="53B81CF0-866C-B7CC-628B-B0DB1E0B56D9">
<sourceDDLFile>data.sql</sourceDDLFile>
<createdBy>jeang</createdBy>
<createdTime>2025-10-05 16:36:50 UTC</createdTime>
<ownerDesignName>Model_digital </ownerDesignName>
<use>0</use>
<logicalDatatype>LOGDT019</logicalDatatype>
<domain>903C9302-AC11-FCCA-F129-5738DA8EA724</domain>
<ownDataTypeParameters>,,</ownDataTypeParameters>
<autoIncrementCycle>false</autoIncrementCycle>
<associations>
<colAssociation fkAssociation="1AA071E2-65E6-132C-A7F4-BBAC089227A5" referredColumn="44DB24F8-DD61-656B-72EB-608CE9E58962"/>
</associations>
</Column>
<Column name="direccion" id="E4ABBBB0-3E70-9FB7-B1B4-6B3AF286D3F9">
<sourceDDLFile>data.sql</sourceDDLFile>
<createdBy>jeang</createdBy>
<createdTime>2025-10-05 16:36:50 UTC</createdTime>
<ownerDesignName>Model_digital </ownerDesignName>
<use>0</use>
<logicalDatatype>LOGDT024</logicalDatatype>
<domain>C56FCFA9-2523-1748-AC8C-E3011F83D168</domain>
<ownDataTypeParameters>,,</ownDataTypeParameters>
<autoIncrementCycle>false</autoIncrementCycle>
</Column>
<Column name="ciudad" id="D6A87CCA-EADD-E91E-87EC-8645CF8406DA">
<sourceDDLFile>data.sql</sourceDDLFile>
<createdBy>jeang</createdBy>
<createdTime>2025-10-05 16:36:50 UTC</createdTime>
<ownerDesignName>Model_digital </ownerDesignName>
<use>0</use>
<logicalDatatype>LOGDT024</logicalDatatype>
<domain>49176A67-2409-0ED9-FB03-BAF379F167EF</domain>
<ownDataTypeParameters>,,</ownDataTypeParameters>
<autoIncrementCycle>false</autoIncrementCycle>
</Column>
<Column name="comuna" id="0413703C-CF57-25C4-CA1C-0D55B9EC8847">
<sourceDDLFile>data.sql</sourceDDLFile>
<createdBy>jeang</createdBy>
<createdTime>2025-10-05 16:36:50 UTC</createdTime>
<ownerDesignName>Model_digital </ownerDesignName>
<use>0</use>
<logicalDatatype>LOGDT024</logicalDatatype>
<domain>49176A67-2409-0ED9-FB03-BAF379F167EF</domain>
<ownDataTypeParameters>,,</ownDataTypeParameters>
<autoIncrementCycle>false</autoIncrementCycle>
</Column>
<Column name="codigo_postal" id="D00C63F1-C83A-77D4-A727-495324680835">
<sourceDDLFile>data.sql</sourceDDLFile>
<createdBy>jeang</createdBy>
<createdTime>2025-10-05 16:36:50 UTC</createdTime>
<ownerDesignName>Model_digital </ownerDesignName>
<nullsAllowed>true</nullsAllowed>
<use>0</use>
<logicalDatatype>LOGDT024</logicalDatatype>
<domain>237A7A94-F592-EC3A-EA06-682831803196</domain>
<ownDataTypeParameters>,,</ownDataTypeParameters>
<autoIncrementCycle>false</autoIncrementCycle>
</Column>
<Column name="codigo_seguimiento" id="53DFA67A-C858-0E35-C59D-160A90A244B5">
<sourceDDLFile>data.sql</sourceDDLFile>
<createdBy>jeang</createdBy>
<createdTime>2025-10-05 16:36:50 UTC</createdTime>
<ownerDesignName>Model_digital </ownerDesignName>
<nullsAllowed>true</nullsAllowed>
<use>0</use>
<logicalDatatype>LOGDT024</logicalDatatype>
<domain>F5A0466D-08CB-6959-3EF6-FE50876486DB</domain>
<ownDataTypeParameters>,,</ownDataTypeParameters>
<autoIncrementCycle>false</autoIncrementCycle>
</Column>
<Column name="estado_envio_id" id="FCCF5E63-19FF-6614-6601-7BB0C8ADC9AF">
<sourceDDLFile>data.sql</sourceDDLFile>
<createdBy>jeang</createdBy>
<createdTime>2025-10-05 16:36:50 UTC</createdTime>
<ownerDesignName>Model_digital </ownerDesignName>
<use>0</use>
<logicalDatatype>LOGDT019</logicalDatatype>
<domain>903C9302-AC11-FCCA-F129-5738DA8EA724</domain>
<ownDataTypeParameters>,,</ownDataTypeParameters>
<autoIncrementCycle>false</autoIncrementCycle>
<associations>
<colAssociation fkAssociation="5F203152-D2FE-04C3-B1D3-FBF74BBD2341" referredColumn="F3490228-F82E-F69F-F2BA-77C6E6C0EF9D"/>
</associations>
</Column>
<Column name="costo_envio" id="BEE34CD4-3085-1432-7EBF-70D0E2F68FE6">
<sourceDDLFile>data.sql</sourceDDLFile>
<createdBy>jeang</createdBy>
<createdTime>2025-10-05 16:36:50 UTC</createdTime>
<ownerDesignName>Model_digital </ownerDesignName>
<nullsAllowed>true</nullsAllowed>
<use>0</use>
<logicalDatatype>LOGDT019</logicalDatatype>
<domain>E5D7FA70-7441-4520-E250-85E73EAC1A39</domain>
<defaultValue>0</defaultValue>
<ownDataTypeParameters>,,</ownDataTypeParameters>
<autoIncrementCycle>false</autoIncrementCycle>
</Column>
<Column name="fecha_envio" id="712607EF-3A5B-76C6-0BB1-C79ADB878BB7">
<sourceDDLFile>data.sql</sourceDDLFile>
<createdBy>jeang</createdBy>
<createdTime>2025-10-05 16:36:50 UTC</createdTime>
<ownerDesignName>Model_digital </ownerDesignName>
<nullsAllowed>true</nullsAllowed>
<use>0</use>
<logicalDatatype>LOGDT015</logicalDatatype>
<domain>7E08E4CC-6A05-4165-1FB9-B14E1F9F6A47</domain>
<ownDataTypeParameters>,,</ownDataTypeParameters>
<autoIncrementCycle>false</autoIncrementCycle>
</Column>
<Column name="fecha_entrega" id="209A6453-13BB-B0AE-63EE-35BC20C722C6">
<sourceDDLFile>data.sql</sourceDDLFile>
<createdBy>jeang</createdBy>
<createdTime>2025-10-05 16:36:50 UTC</createdTime>
<ownerDesignName>Model_digital </ownerDesignName>
<nullsAllowed>true</nullsAllowed>
<use>0</use>
<logicalDatatype>LOGDT007</logicalDatatype>
<domain>C78CA509-43CF-4EB2-2994-3039CC1F148E</domain>
<ownDataTypeParameters>,,</ownDataTypeParameters>
<autoIncrementCycle>false</autoIncrementCycle>
</Column>
</columns>
<indexes itemClass="oracle.dbtools.crest.model.design.relational.Index">
<ind_PK_UK id="828C7B18-27A0-CBED-DC1C-8B6C417DF193" name="envios_PK">
<sourceDDLFile>data.sql</sourceDDLFile>
<createdBy>jeang</createdBy>
<createdTime>2025-10-05 16:36:50 UTC</createdTime>
<ownerDesignName>Model_digital </ownerDesignName>
<pk>true</pk>
<indexState>Primary Constraint</indexState>
<isSurrogateKey>false</isSurrogateKey>
<indexColumnUsage>
<colUsage columnID="8B93A1B3-6B5F-B5A0-B3FF-2F638B83E7FB"/>
</indexColumnUsage>
</ind_PK_UK>
<ind_PK_UK id="FD942C41-71F4-67BB-8F9B-8B991AD6EE7E" name="INDEX_1">
<sourceDDLFile>data.sql</sourceDDLFile>
<createdBy>jeang</createdBy>
<createdTime>2025-10-05 16:36:50 UTC</createdTime>
<ownerDesignName>Model_digital </ownerDesignName>
<indexState>Unique Constraint</indexState>
<isSurrogateKey>false</isSurrogateKey>
<indexColumnUsage>
<colUsage columnID="53B81CF0-866C-B7CC-628B-B0DB1E0B56D9"/>
</indexColumnUsage>
</ind_PK_UK>
<ind_PK_UK id="80379CC2-2F83-063E-2322-44FD3269403D" name="INDEX_2">
<sourceDDLFile>data.sql</sourceDDLFile>
<createdBy>jeang</createdBy>
<createdTime>2025-10-05 16:36:50 UTC</createdTime>
<ownerDesignName>Model_digital </ownerDesignName>
<indexState>Unique Constraint</indexState>
<isSurrogateKey>false</isSurrogateKey>
<indexColumnUsage>
<colUsage columnID="53DFA67A-C858-0E35-C59D-160A90A244B5"/>
</indexColumnUsage>
</ind_PK_UK>
<ind_PK_UK id="61C21166-D5D4-AF3D-1F18-8B857814AB56" name="fk_envio_pedido">
<createdBy>jeang</createdBy>
<createdTime>2025-10-05 16:36:50 UTC</createdTime>
<ownerDesignName>Model_digital </ownerDesignName>
<indexState>Foreign Key</indexState>
<isSurrogateKey>false</isSurrogateKey>
<indexColumnUsage>
<colUsage columnID="53B81CF0-866C-B7CC-628B-B0DB1E0B56D9"/>
</indexColumnUsage>
</ind_PK_UK>
<ind_PK_UK id="2C32D668-37B6-2300-3403-B620456F5044" name="fk_envio_estado">
<createdBy>jeang</createdBy>
<createdTime>2025-10-05 16:36:50 UTC</createdTime>
<ownerDesignName>Model_digital </ownerDesignName>
<indexState>Foreign Key</indexState>
<isSurrogateKey>false</isSurrogateKey>
<indexColumnUsage>
<colUsage columnID="FCCF5E63-19FF-6614-6601-7BB0C8ADC9AF"/>
</indexColumnUsage>
</ind_PK_UK>
</indexes>
</Table>