<?xml version = '1.0' encoding = 'UTF-8'?>
<FKIndexAssociation class="oracle.dbtools.crest.model.design.relational.FKIndexAssociation" directorySegmentName="seg_0" id="1303C5A3-5A89-670C-6B73-6512449F8FFD" containerWithKeyObject="347C6551-D394-2EB2-C5E5-2F8E43B9D0AF" localFKIndex="4EFA8C32-096D-43FC-480D-CE23F2FC2146" name="imagenes_producto_productos_FK">
<sourceDDLFile>data.sql</sourceDDLFile>
<createdBy>jeang</createdBy>
<createdTime>2025-11-30 15:35:34 UTC</createdTime>
<ownerDesignName>db-v6</ownerDesignName>
<importedID>DEB5B636-94FB-36A0-C339-B0758EE98843</importedID>
<referredTableLongName>productos</referredTableLongName>
<deleteRule>NO ACTION</deleteRule>
<referredTableID>2E9F7B2E-4AE9-DDA7-B66E-7DB923C4E1C5</referredTableID>
<keyObject>69144418-09CB-8C95-EEC0-53C718DDD9C3</keyObject>
<referredKeyID>69144418-09CB-8C95-EEC0-53C718DDD9C3</referredKeyID>
<mandatory>true</mandatory>
<refColNames>producto_id</refColNames>
<transferable>true</transferable>
<rely>false</rely>
<columnDependencyConstraintGenerateInDDL>true</columnDependencyConstraintGenerateInDDL>
</FKIndexAssociation>