<?xml version = '1.0' encoding = 'UTF-8'?>
<FKIndexAssociation class="oracle.dbtools.crest.model.design.relational.FKIndexAssociation" directorySegmentName="seg_0" id="36881535-555F-26BA-FF8D-2E3C39BBA1BA" containerWithKeyObject="2E6C5C95-A810-BCD6-38AB-5376567CE82F" localFKIndex="533B20C9-0025-6FFC-7DB3-D88B6C649D78" name="fk_envio_pedido">
<sourceDDLFile>data.sql</sourceDDLFile>
<createdBy>jeang</createdBy>
<createdTime>2025-11-30 15:35:34 UTC</createdTime>
<ownerDesignName>db-v6</ownerDesignName>
<importedID>ACC30E51-0A73-40BC-42D7-2E788241034F</importedID>
<referredTableLongName>pedidos</referredTableLongName>
<deleteRule>CASCADE</deleteRule>
<referredTableID>43462E0F-FEB6-728F-16A1-FCCA0F841DFB</referredTableID>
<keyObject>59569806-491B-DBA1-8327-AE3B38DC342B</keyObject>
<referredKeyID>59569806-491B-DBA1-8327-AE3B38DC342B</referredKeyID>
<mandatory>true</mandatory>
<refColNames>pedido_id</refColNames>
<transferable>true</transferable>
<rely>false</rely>
<columnDependencyConstraintGenerateInDDL>true</columnDependencyConstraintGenerateInDDL>
</FKIndexAssociation>