<?xml version = '1.0' encoding = 'UTF-8'?>
<FKIndexAssociation class="oracle.dbtools.crest.model.design.relational.FKIndexAssociation" directorySegmentName="seg_0" id="56452EF5-8B75-4D0A-8D25-3DEDCE8DFA68" containerWithKeyObject="B4636B66-E989-8BBF-C5DB-4765948AC072" localFKIndex="7C3F1CDD-EF86-477E-D6F9-96A0E38D7522" name="fk_admin_rol">
<sourceDDLFile>data.sql</sourceDDLFile>
<createdBy>jeang</createdBy>
<createdTime>2025-11-30 15:35:34 UTC</createdTime>
<ownerDesignName>db-v6</ownerDesignName>
<importedID>88D5057B-268C-D932-F9A7-200EFDC8180E</importedID>
<referredTableLongName>roles</referredTableLongName>
<deleteRule>NO ACTION</deleteRule>
<referredTableID>30543ABF-1F3B-2E67-11C5-3772104D01C6</referredTableID>
<keyObject>FEA83879-CB61-5FEC-B835-3670A9E17F85</keyObject>
<referredKeyID>FEA83879-CB61-5FEC-B835-3670A9E17F85</referredKeyID>
<mandatory>true</mandatory>
<refColNames>rol_id</refColNames>
<transferable>true</transferable>
<rely>false</rely>
<columnDependencyConstraintGenerateInDDL>true</columnDependencyConstraintGenerateInDDL>
</FKIndexAssociation>