<?xml version = '1.0' encoding = 'UTF-8'?>
<FKIndexAssociation class="oracle.dbtools.crest.model.design.relational.FKIndexAssociation" directorySegmentName="seg_0" id="5F82DBB7-72ED-E23E-DFCE-A4510C2BB51B" containerWithKeyObject="43462E0F-FEB6-728F-16A1-FCCA0F841DFB" localFKIndex="C01C1FB2-6691-B598-F0D3-5488B8659CB9" name="fk_pedido_cliente">
<sourceDDLFile>data.sql</sourceDDLFile>
<createdBy>jeang</createdBy>
<createdTime>2025-11-30 15:35:34 UTC</createdTime>
<ownerDesignName>db-v6</ownerDesignName>
<importedID>EAC4F5BF-6219-E8B7-7848-0694EC28EAE3</importedID>
<referredTableLongName>clientes</referredTableLongName>
<deleteRule>SET NULL</deleteRule>
<referredTableID>FB5FCCE0-0A36-1CE9-BF9D-EC378AC05B1E</referredTableID>
<keyObject>6B9CCC33-D9A3-0A76-6189-19E7730466DD</keyObject>
<referredKeyID>6B9CCC33-D9A3-0A76-6189-19E7730466DD</referredKeyID>
<mandatory>false</mandatory>
<refColNames>cliente_id</refColNames>
<transferable>true</transferable>
<rely>false</rely>
<columnDependencyConstraintGenerateInDDL>true</columnDependencyConstraintGenerateInDDL>
</FKIndexAssociation>