<?xml version = '1.0' encoding = 'UTF-8'?>
<FKIndexAssociation class="oracle.dbtools.crest.model.design.relational.FKIndexAssociation" directorySegmentName="seg_0" id="71EBDAB5-88DB-AB60-7544-9F15718EC7E1" containerWithKeyObject="2E9F7B2E-4AE9-DDA7-B66E-7DB923C4E1C5" localFKIndex="236C9D24-FAEE-73F4-46BC-F2245BDD41B5" name="fk_producto_categoria">
<sourceDDLFile>data.sql</sourceDDLFile>
<createdBy>jeang</createdBy>
<createdTime>2025-11-30 15:35:34 UTC</createdTime>
<ownerDesignName>db-v6</ownerDesignName>
<importedID>49FFDFE2-E9AF-E5DA-8BC5-DD255B9BE22F</importedID>
<referredTableLongName>categorias</referredTableLongName>
<deleteRule>NO ACTION</deleteRule>
<referredTableID>5BEB4118-3269-5745-92E6-4B821DE629D9</referredTableID>
<keyObject>9242CF72-B1A5-5C31-5C9E-50DB76327FB3</keyObject>
<referredKeyID>9242CF72-B1A5-5C31-5C9E-50DB76327FB3</referredKeyID>
<mandatory>true</mandatory>
<refColNames>categoria_id</refColNames>
<transferable>true</transferable>
<rely>false</rely>
<columnDependencyConstraintGenerateInDDL>true</columnDependencyConstraintGenerateInDDL>
</FKIndexAssociation>