<?xml version = '1.0' encoding = 'UTF-8'?>
<FKIndexAssociation class="oracle.dbtools.crest.model.design.relational.FKIndexAssociation" directorySegmentName="seg_0" id="81B8ECDB-898A-7676-0B53-FFD1A97B4A00" containerWithKeyObject="3D7E5997-4597-357D-CE0C-533CE4992B5F" localFKIndex="B6B90813-EA09-C788-C663-278E15A8D729" name="fk_contacto_cliente">
<sourceDDLFile>data.sql</sourceDDLFile>
<createdBy>jeang</createdBy>
<createdTime>2025-11-30 15:35:34 UTC</createdTime>
<ownerDesignName>db-v6</ownerDesignName>
<importedID>B558EA17-9552-A369-0903-7D86645B137A</importedID>
<referredTableLongName>clientes</referredTableLongName>
<deleteRule>SET NULL</deleteRule>
<referredTableID>FB5FCCE0-0A36-1CE9-BF9D-EC378AC05B1E</referredTableID>
<keyObject>6B9CCC33-D9A3-0A76-6189-19E7730466DD</keyObject>
<referredKeyID>6B9CCC33-D9A3-0A76-6189-19E7730466DD</referredKeyID>
<mandatory>false</mandatory>
<refColNames>cliente_id</refColNames>
<transferable>true</transferable>
<rely>false</rely>
<columnDependencyConstraintGenerateInDDL>true</columnDependencyConstraintGenerateInDDL>
</FKIndexAssociation>