<?xml version = '1.0' encoding = 'UTF-8'?>
<FKIndexAssociation class="oracle.dbtools.crest.model.design.relational.FKIndexAssociation" directorySegmentName="seg_0" id="8557CD08-0ECA-F1DC-5EC4-77EC4C15D3FE" containerWithKeyObject="43462E0F-FEB6-728F-16A1-FCCA0F841DFB" localFKIndex="34206C20-DB37-67C2-88E8-4792548857C8" name="fk_pedido_metodo">
<sourceDDLFile>data.sql</sourceDDLFile>
<createdBy>jeang</createdBy>
<createdTime>2025-11-30 15:35:34 UTC</createdTime>
<ownerDesignName>db-v6</ownerDesignName>
<importedID>F03D9B56-0BC6-EB68-0BF3-4DB51BA62178</importedID>
<referredTableLongName>metodo_pago</referredTableLongName>
<deleteRule>NO ACTION</deleteRule>
<referredTableID>4101D1BA-06DC-FCD0-9EDA-C41112117182</referredTableID>
<keyObject>28D46A6C-A5D9-BF0E-111B-ADF23B84124A</keyObject>
<referredKeyID>28D46A6C-A5D9-BF0E-111B-ADF23B84124A</referredKeyID>
<mandatory>true</mandatory>
<refColNames>metodo_id</refColNames>
<transferable>true</transferable>
<rely>false</rely>
<columnDependencyConstraintGenerateInDDL>true</columnDependencyConstraintGenerateInDDL>
</FKIndexAssociation>