<?xml version = '1.0' encoding = 'UTF-8'?>
<FKIndexAssociation class="oracle.dbtools.crest.model.design.relational.FKIndexAssociation" directorySegmentName="seg_0" id="91C7A793-A6BD-57C2-BA10-A3E47D8ACFC9" containerWithKeyObject="43462E0F-FEB6-728F-16A1-FCCA0F841DFB" localFKIndex="B52B3D55-B020-8F33-A390-4C1DD10A9166" name="fk_pedido_estado">
<sourceDDLFile>data.sql</sourceDDLFile>
<createdBy>jeang</createdBy>
<createdTime>2025-11-30 15:35:34 UTC</createdTime>
<ownerDesignName>db-v6</ownerDesignName>
<importedID>280DFC01-1113-0668-4DC6-3E0B975B369F</importedID>
<referredTableLongName>estado_pedido</referredTableLongName>
<deleteRule>NO ACTION</deleteRule>
<referredTableID>68F74AF8-3DA5-74F5-E37C-5B6B73AB0710</referredTableID>
<keyObject>DF4A9C95-8AE9-838C-2252-B166484C0DA7</keyObject>
<referredKeyID>DF4A9C95-8AE9-838C-2252-B166484C0DA7</referredKeyID>
<mandatory>true</mandatory>
<refColNames>estado_id</refColNames>
<transferable>true</transferable>
<rely>false</rely>
<columnDependencyConstraintGenerateInDDL>true</columnDependencyConstraintGenerateInDDL>
</FKIndexAssociation>