<?xml version = '1.0' encoding = 'UTF-8'?>
<FKIndexAssociation class="oracle.dbtools.crest.model.design.relational.FKIndexAssociation" directorySegmentName="seg_0" id="9BCF0EBF-9315-E60C-3F57-ACFBFB9D3EF2" containerWithKeyObject="2E6C5C95-A810-BCD6-38AB-5376567CE82F" localFKIndex="DED1156E-01F7-7925-45C7-18DEE9B4B341" name="fk_envio_estado">
<sourceDDLFile>data.sql</sourceDDLFile>
<createdBy>jeang</createdBy>
<createdTime>2025-11-30 15:35:34 UTC</createdTime>
<ownerDesignName>db-v6</ownerDesignName>
<importedID>376D8341-66D8-B464-C3AE-0172F5984160</importedID>
<referredTableLongName>estado_envio</referredTableLongName>
<deleteRule>NO ACTION</deleteRule>
<referredTableID>B2CC52BE-9312-9302-5414-15337869D2D1</referredTableID>
<keyObject>285FBA12-1E4D-FD10-00D1-C90B70EEBBA8</keyObject>
<referredKeyID>285FBA12-1E4D-FD10-00D1-C90B70EEBBA8</referredKeyID>
<mandatory>true</mandatory>
<refColNames>estado_envio_id</refColNames>
<transferable>true</transferable>
<rely>false</rely>
<columnDependencyConstraintGenerateInDDL>true</columnDependencyConstraintGenerateInDDL>
</FKIndexAssociation>