<?xml version = '1.0' encoding = 'UTF-8'?>
<FKIndexAssociation class="oracle.dbtools.crest.model.design.relational.FKIndexAssociation" directorySegmentName="seg_0" id="B5364190-6AD8-8C56-0C0B-C8CAFF8F851A" containerWithKeyObject="43462E0F-FEB6-728F-16A1-FCCA0F841DFB" localFKIndex="53A8ADC4-63DD-2E25-2C38-5C98387AE39D" name="fk_pedido_estado_pago">
<sourceDDLFile>data.sql</sourceDDLFile>
<createdBy>jeang</createdBy>
<createdTime>2025-11-30 15:35:34 UTC</createdTime>
<ownerDesignName>db-v6</ownerDesignName>
<importedID>F91D412F-E3D2-9DE5-01A8-56D37857E3C6</importedID>
<referredTableLongName>estado_pago</referredTableLongName>
<deleteRule>NO ACTION</deleteRule>
<referredTableID>4F8669AC-4E1A-F2B2-0599-1CC2BA26AEE9</referredTableID>
<keyObject>089F771A-16A0-D2BA-290F-CFF8150373A2</keyObject>
<referredKeyID>089F771A-16A0-D2BA-290F-CFF8150373A2</referredKeyID>
<mandatory>false</mandatory>
<refColNames>estado_pago_id</refColNames>
<transferable>true</transferable>
<rely>false</rely>
<columnDependencyConstraintGenerateInDDL>true</columnDependencyConstraintGenerateInDDL>
</FKIndexAssociation>