<?xml version = '1.0' encoding = 'UTF-8'?>
<FKIndexAssociation class="oracle.dbtools.crest.model.design.relational.FKIndexAssociation" directorySegmentName="seg_0" id="D8D6BCC7-3B67-871D-3515-A058973A77B9" containerWithKeyObject="FE7733B2-2F44-9179-A1ED-5DCCE165802B" localFKIndex="75EECE4A-E485-37ED-4DE1-30C8C3FACC73" name="fk_detalle_producto">
<sourceDDLFile>data.sql</sourceDDLFile>
<createdBy>jeang</createdBy>
<createdTime>2025-11-30 15:35:34 UTC</createdTime>
<ownerDesignName>db-v6</ownerDesignName>
<importedID>216C57B0-4005-E8CD-BB65-491D1AC42D67</importedID>
<referredTableLongName>productos</referredTableLongName>
<deleteRule>NO ACTION</deleteRule>
<referredTableID>2E9F7B2E-4AE9-DDA7-B66E-7DB923C4E1C5</referredTableID>
<keyObject>69144418-09CB-8C95-EEC0-53C718DDD9C3</keyObject>
<referredKeyID>69144418-09CB-8C95-EEC0-53C718DDD9C3</referredKeyID>
<mandatory>true</mandatory>
<refColNames>producto_id</refColNames>
<transferable>true</transferable>
<rely>false</rely>
<columnDependencyConstraintGenerateInDDL>true</columnDependencyConstraintGenerateInDDL>
</FKIndexAssociation>