<?xml version = '1.0' encoding = 'UTF-8'?>
<FKIndexAssociation class="oracle.dbtools.crest.model.design.relational.FKIndexAssociation" directorySegmentName="seg_0" id="EA39184F-DD13-C1A9-2509-F27B8C24F8E0" containerWithKeyObject="FE7733B2-2F44-9179-A1ED-5DCCE165802B" localFKIndex="AEFDEE2D-0726-B9B5-BF27-E75910EFE9E6" name="fk_detalle_pedido">
<sourceDDLFile>data.sql</sourceDDLFile>
<createdBy>jeang</createdBy>
<createdTime>2025-11-30 15:35:34 UTC</createdTime>
<ownerDesignName>db-v6</ownerDesignName>
<importedID>B0D5A9F0-3B95-B80C-A7E8-CF2A5614898F</importedID>
<referredTableLongName>pedidos</referredTableLongName>
<deleteRule>CASCADE</deleteRule>
<referredTableID>43462E0F-FEB6-728F-16A1-FCCA0F841DFB</referredTableID>
<keyObject>59569806-491B-DBA1-8327-AE3B38DC342B</keyObject>
<referredKeyID>59569806-491B-DBA1-8327-AE3B38DC342B</referredKeyID>
<mandatory>true</mandatory>
<refColNames>pedido_id</refColNames>
<transferable>true</transferable>
<rely>false</rely>
<columnDependencyConstraintGenerateInDDL>true</columnDependencyConstraintGenerateInDDL>
</FKIndexAssociation>