<?xml version = '1.0' encoding = 'UTF-8'?>
<TableProxyOraclev20c class="oracle.dbtools.crest.model.design.storage.oracle.v20c.TableProxyOraclev20c" name="pedidos" directorySegmentName="seg_0" id="854AA7DE-86F3-318D-58D6-59C08397FE99">
<createdBy>jeang</createdBy>
<createdTime>2025-10-05 16:36:50 UTC</createdTime>
<ownerDesignName>Model_digital </ownerDesignName>
<partitionedRowMovement>DISABLE</partitionedRowMovement>
<temporaryChanged>false</temporaryChanged>
<accessDriverType>oracle_loader</accessDriverType>
<rejectLimit></rejectLimit>
<columnProxies itemClass="oracle.dbtools.crest.model.design.storage.oracle.v12c.ColumnProxyOraclev12c">
<ColumnProxy name="pedido_id" id="44DB24F8-DD61-656B-72EB-608CE9E58962">
<createdBy>jeang</createdBy>
<createdTime>2025-10-05 16:36:50 UTC</createdTime>
<ownerDesignName>Model_digital </ownerDesignName>
<autoIncrementDDL>IDENTITY_CLAUSE</autoIncrementDDL>
</ColumnProxy>
<ColumnProxy name="estado_id" id="71B43B66-EA94-F537-CDAA-879D3E8D7A35">
<createdBy>jeang</createdBy>
<createdTime>2025-10-05 16:36:50 UTC</createdTime>
<ownerDesignName>Model_digital </ownerDesignName>
</ColumnProxy>
<ColumnProxy name="total" id="813A5A1F-F230-4414-C9F5-3EBBF0EB85B6">
<createdBy>jeang</createdBy>
<createdTime>2025-10-05 16:36:50 UTC</createdTime>
<ownerDesignName>Model_digital </ownerDesignName>
</ColumnProxy>
<ColumnProxy name="fecha" id="8D697C68-D185-E728-7405-27C15F0C9137">
<createdBy>jeang</createdBy>
<createdTime>2025-10-05 16:36:50 UTC</createdTime>
<ownerDesignName>Model_digital </ownerDesignName>
<defaultValue>CURRENT_TIMESTAMP</defaultValue>
</ColumnProxy>
<ColumnProxy name="cliente_id" id="DA34BFEC-D176-EDA1-948C-9CADDA1A1738">
<createdBy>jeang</createdBy>
<createdTime>2025-10-05 16:36:50 UTC</createdTime>
<ownerDesignName>Model_digital </ownerDesignName>
</ColumnProxy>
<ColumnProxy name="metodo_id" id="F4200404-EE8E-459A-25C2-FC9431098E21">
<createdBy>jeang</createdBy>
<createdTime>2025-10-05 16:36:50 UTC</createdTime>
<ownerDesignName>Model_digital </ownerDesignName>
</ColumnProxy>
</columnProxies>
<foreignKeys>
<ForeignKey class="oracle.dbtools.crest.model.design.storage.oracle.v10g.FKProxyOraclev10g" name="fk_pedido_metodo" id="2FD689A1-A764-9BC8-45C2-A4E3E7AEE26E">
<createdBy>jeang</createdBy>
<createdTime>2025-10-05 16:36:50 UTC</createdTime>
<ownerDesignName>Model_digital </ownerDesignName>
</ForeignKey>
<ForeignKey class="oracle.dbtools.crest.model.design.storage.oracle.v10g.FKProxyOraclev10g" name="fk_pedido_estado" id="61622569-CCD4-24E1-8A68-397CC0882CCE">
<createdBy>jeang</createdBy>
<createdTime>2025-10-05 16:36:50 UTC</createdTime>
<ownerDesignName>Model_digital </ownerDesignName>
</ForeignKey>
<ForeignKey class="oracle.dbtools.crest.model.design.storage.oracle.v10g.FKProxyOraclev10g" name="fk_pedido_cliente" id="99D6DE86-4DC5-ED82-A203-A027F949299F">
<createdBy>jeang</createdBy>
<createdTime>2025-10-05 16:36:50 UTC</createdTime>
<ownerDesignName>Model_digital </ownerDesignName>
</ForeignKey>
</foreignKeys>
<primaryKeys>
<PrimaryKey class="oracle.dbtools.crest.model.design.storage.oracle.v10g.PKProxyOraclev10g" name="pedidos_PK" id="1E81C66D-07C2-EE6E-E741-17C836B0AE1A">
<createdBy>jeang</createdBy>
<createdTime>2025-10-05 16:36:50 UTC</createdTime>
<ownerDesignName>Model_digital </ownerDesignName>
<indexSort>SORTED</indexSort>
</PrimaryKey>
</primaryKeys>
</TableProxyOraclev20c>