<?xml version = '1.0' encoding = 'UTF-8'?>
<TableProxyOraclev20c class="oracle.dbtools.crest.model.design.storage.oracle.v20c.TableProxyOraclev20c" name="administradores" directorySegmentName="seg_0" id="D2329C2B-6BEA-A220-57B8-A5DB1ABC5228">
<createdBy>jeang</createdBy>
<createdTime>2025-10-05 16:36:50 UTC</createdTime>
<ownerDesignName>Model_digital </ownerDesignName>
<partitionedRowMovement>DISABLE</partitionedRowMovement>
<temporaryChanged>false</temporaryChanged>
<accessDriverType>oracle_loader</accessDriverType>
<rejectLimit></rejectLimit>
<columnProxies itemClass="oracle.dbtools.crest.model.design.storage.oracle.v12c.ColumnProxyOraclev12c">
<ColumnProxy name="password_hash" id="5EFACEAB-EDB4-8A3E-3A1C-99361D05DF5B">
<createdBy>jeang</createdBy>
<createdTime>2025-10-05 16:36:50 UTC</createdTime>
<ownerDesignName>Model_digital </ownerDesignName>
</ColumnProxy>
<ColumnProxy name="usuario" id="6501A4E7-36CA-FB3A-2125-7DF48B14ED86">
<createdBy>jeang</createdBy>
<createdTime>2025-10-05 16:36:50 UTC</createdTime>
<ownerDesignName>Model_digital </ownerDesignName>
</ColumnProxy>
<ColumnProxy name="admin_id" id="748E8A65-B44F-AC0F-30C6-988E8AF1061F">
<createdBy>jeang</createdBy>
<createdTime>2025-10-05 16:36:50 UTC</createdTime>
<ownerDesignName>Model_digital </ownerDesignName>
<autoIncrementDDL>IDENTITY_CLAUSE</autoIncrementDDL>
</ColumnProxy>
<ColumnProxy name="rol_id" id="CB6F534C-C632-C101-658B-FB2FB5572D1D">
<createdBy>jeang</createdBy>
<createdTime>2025-10-05 16:36:50 UTC</createdTime>
<ownerDesignName>Model_digital </ownerDesignName>
</ColumnProxy>
</columnProxies>
<foreignKeys>
<ForeignKey class="oracle.dbtools.crest.model.design.storage.oracle.v10g.FKProxyOraclev10g" name="fk_admin_rol" id="11865079-CFF2-A07A-3331-29F388F8C078">
<createdBy>jeang</createdBy>
<createdTime>2025-10-05 16:36:50 UTC</createdTime>
<ownerDesignName>Model_digital </ownerDesignName>
</ForeignKey>
</foreignKeys>
<primaryKeys>
<PrimaryKey class="oracle.dbtools.crest.model.design.storage.oracle.v10g.PKProxyOraclev10g" name="administradores_PK" id="10CDEEDB-E377-C69F-3914-D4A9B2FDFB2D">
<createdBy>jeang</createdBy>
<createdTime>2025-10-05 16:36:50 UTC</createdTime>
<ownerDesignName>Model_digital </ownerDesignName>
<indexSort>SORTED</indexSort>
</PrimaryKey>
</primaryKeys>
<uniqueKeys>
<UniqueKey class="oracle.dbtools.crest.model.design.storage.oracle.v10g.UniqueOraclev10g" name="INDEX_1" id="DBACB580-955D-A329-2D24-FFD3162B8742">
<createdBy>jeang</createdBy>
<createdTime>2025-10-05 16:36:50 UTC</createdTime>
<ownerDesignName>Model_digital </ownerDesignName>
<indexSort>SORTED</indexSort>
</UniqueKey>
</uniqueKeys>
</TableProxyOraclev20c>