<?xml version = '1.0' encoding = 'UTF-8'?>
<TableProxyOraclev20c class="oracle.dbtools.crest.model.design.storage.oracle.v20c.TableProxyOraclev20c" name="categorias" directorySegmentName="seg_0" id="E2DCC93D-85FF-66A1-FA15-EEBF2D664008">
<createdBy>jeang</createdBy>
<createdTime>2025-10-05 16:36:50 UTC</createdTime>
<ownerDesignName>Model_digital </ownerDesignName>
<partitionedRowMovement>DISABLE</partitionedRowMovement>
<temporaryChanged>false</temporaryChanged>
<accessDriverType>oracle_loader</accessDriverType>
<rejectLimit></rejectLimit>
<columnProxies itemClass="oracle.dbtools.crest.model.design.storage.oracle.v12c.ColumnProxyOraclev12c">
<ColumnProxy name="descripcion" id="877DA074-C9DF-9664-B000-39E8A4CEC661">
<createdBy>jeang</createdBy>
<createdTime>2025-10-05 16:36:50 UTC</createdTime>
<ownerDesignName>Model_digital </ownerDesignName>
</ColumnProxy>
<ColumnProxy name="categoria_id" id="A68D1F14-3063-1DDB-C462-0D81206FFB6C">
<createdBy>jeang</createdBy>
<createdTime>2025-10-05 16:36:50 UTC</createdTime>
<ownerDesignName>Model_digital </ownerDesignName>
<autoIncrementDDL>IDENTITY_CLAUSE</autoIncrementDDL>
</ColumnProxy>
<ColumnProxy name="nombre" id="C4882019-1293-5B41-3920-4555D5BA4AB4">
<createdBy>jeang</createdBy>
<createdTime>2025-10-05 16:36:50 UTC</createdTime>
<ownerDesignName>Model_digital </ownerDesignName>
</ColumnProxy>
</columnProxies>
<primaryKeys>
<PrimaryKey class="oracle.dbtools.crest.model.design.storage.oracle.v10g.PKProxyOraclev10g" name="categorias_PK" id="8AABA9BD-F230-CF4C-257B-62863769D6EC">
<createdBy>jeang</createdBy>
<createdTime>2025-10-05 16:36:50 UTC</createdTime>
<ownerDesignName>Model_digital </ownerDesignName>
<indexSort>SORTED</indexSort>
</PrimaryKey>
</primaryKeys>
<uniqueKeys>
<UniqueKey class="oracle.dbtools.crest.model.design.storage.oracle.v10g.UniqueOraclev10g" name="INDEX_1" id="CB1029C7-A372-3004-391E-5154BB392B2B">
<createdBy>jeang</createdBy>
<createdTime>2025-10-05 16:36:50 UTC</createdTime>
<ownerDesignName>Model_digital </ownerDesignName>
<indexSort>SORTED</indexSort>
</UniqueKey>
</uniqueKeys>
</TableProxyOraclev20c>