<?xml version = '1.0' encoding = 'UTF-8'?>
<TableProxyOraclev20c class="oracle.dbtools.crest.model.design.storage.oracle.v20c.TableProxyOraclev20c" name="productos" directorySegmentName="seg_0" id="F0815E7D-FB03-7F26-2486-7BEB8242D92F">
<createdBy>jeang</createdBy>
<createdTime>2025-10-05 16:36:50 UTC</createdTime>
<ownerDesignName>Model_digital </ownerDesignName>
<partitionedRowMovement>DISABLE</partitionedRowMovement>
<temporaryChanged>false</temporaryChanged>
<accessDriverType>oracle_loader</accessDriverType>
<rejectLimit></rejectLimit>
<columnProxies itemClass="oracle.dbtools.crest.model.design.storage.oracle.v12c.ColumnProxyOraclev12c">
<ColumnProxy name="nombre" id="1FD68F38-184D-9142-34F4-2351E16E91EA">
<createdBy>jeang</createdBy>
<createdTime>2025-10-05 16:36:50 UTC</createdTime>
<ownerDesignName>Model_digital </ownerDesignName>
</ColumnProxy>
<ColumnProxy name="producto_id" id="4E3257DC-D26E-33C0-8694-9FE3752FAE62">
<createdBy>jeang</createdBy>
<createdTime>2025-10-05 16:36:50 UTC</createdTime>
<ownerDesignName>Model_digital </ownerDesignName>
<autoIncrementDDL>IDENTITY_CLAUSE</autoIncrementDDL>
</ColumnProxy>
<ColumnProxy name="categoria_id" id="72722C72-ED55-F1C4-1368-FFC019022D6F">
<createdBy>jeang</createdBy>
<createdTime>2025-10-05 16:36:50 UTC</createdTime>
<ownerDesignName>Model_digital </ownerDesignName>
</ColumnProxy>
<ColumnProxy name="activo" id="CF49C9F7-2B3B-396B-554D-12CDB0A2D264">
<createdBy>jeang</createdBy>
<createdTime>2025-10-05 16:36:50 UTC</createdTime>
<ownerDesignName>Model_digital </ownerDesignName>
<defaultValue>&apos;S&apos;</defaultValue>
</ColumnProxy>
<ColumnProxy name="stock" id="DBCDF471-5C87-2AC2-1903-6B87A4B1E347">
<createdBy>jeang</createdBy>
<createdTime>2025-10-05 16:36:50 UTC</createdTime>
<ownerDesignName>Model_digital </ownerDesignName>
<defaultValue>0</defaultValue>
</ColumnProxy>
<ColumnProxy name="precio" id="DBCE09D2-E763-6242-18D5-FC5B2A381A77">
<createdBy>jeang</createdBy>
<createdTime>2025-10-05 16:36:50 UTC</createdTime>
<ownerDesignName>Model_digital </ownerDesignName>
</ColumnProxy>
<ColumnProxy name="destacado" id="DF19B836-BAE8-D23B-F888-22680F399273">
<createdBy>jeang</createdBy>
<createdTime>2025-10-05 16:36:50 UTC</createdTime>
<ownerDesignName>Model_digital </ownerDesignName>
<defaultValue>&apos;N&apos;</defaultValue>
</ColumnProxy>
<ColumnProxy name="descripcion" id="FEE6FED9-4865-9DE4-A053-FB5B5C7D4F7F">
<createdBy>jeang</createdBy>
<createdTime>2025-10-05 16:36:50 UTC</createdTime>
<ownerDesignName>Model_digital </ownerDesignName>
</ColumnProxy>
</columnProxies>
<foreignKeys>
<ForeignKey class="oracle.dbtools.crest.model.design.storage.oracle.v10g.FKProxyOraclev10g" name="fk_producto_categoria" id="DBBF8A26-E718-B751-FA3F-C16AAF94078D">
<createdBy>jeang</createdBy>
<createdTime>2025-10-05 16:36:50 UTC</createdTime>
<ownerDesignName>Model_digital </ownerDesignName>
</ForeignKey>
</foreignKeys>
<primaryKeys>
<PrimaryKey class="oracle.dbtools.crest.model.design.storage.oracle.v10g.PKProxyOraclev10g" name="productos_PK" id="AE22398A-8169-F56B-525B-B14951D7ECA5">
<createdBy>jeang</createdBy>
<createdTime>2025-10-05 16:36:50 UTC</createdTime>
<ownerDesignName>Model_digital </ownerDesignName>
<indexSort>SORTED</indexSort>
</PrimaryKey>
</primaryKeys>
</TableProxyOraclev20c>